{
	"format_version": "1.21.6",
	"credit": "Made with Blockbench",
	"texture_size": [32, 32],
	"textures": {
		"0": "yellow_large_snail_texture_block"
	},
	"elements": [
		{
			"from": [4.4, 0, 2.6],
			"to": [11.6, 10.8, 13.4],
			"rotation": {"angle": 0, "axis": "y", "origin": [8, 5.4, 8]},
			"faces": {
				"north": {"uv": [4.5, 10.5, 7.5, 15], "texture": "#0"},
				"east": {"uv": [0, 10.5, 4.5, 15], "texture": "#0"},
				"south": {"uv": [12, 10.5, 15, 15], "texture": "#0"},
				"west": {"uv": [7.5, 10.5, 12, 15], "texture": "#0"},
				"up": {"uv": [7.5, 10.5, 4.5, 6], "texture": "#0"},
				"down": {"uv": [10.5, 6, 7.5, 10.5], "texture": "#0"}
			}
		}
	]
}