{
	"format_version": "1.21.6",
	"credit": "Made with Blockbench",
	"texture_size": [32, 32],
	"textures": {
		"0": "snail/snail_shell_texture"
	},
	"elements": [
		{
			"from": [4.5, 0, 4.5],
			"to": [11.5, 5, 11.5],
			"rotation": {"angle": 0, "axis": "y", "origin": [8, 2.5, 8]},
			"faces": {
				"north": {"uv": [6, 9.5, 3.5, 6], "rotation": 270, "texture": "#0"},
				"east": {"uv": [3.5, 9.5, 6, 13], "rotation": 90, "texture": "#0"},
				"south": {"uv": [8.5, 6, 6, 9.5], "rotation": 270, "texture": "#0"},
				"west": {"uv": [9.5, 9.5, 12, 13], "rotation": 270, "texture": "#0"},
				"up": {"uv": [0, 9.5, 3.5, 13], "texture": "#0"},
				"down": {"uv": [6, 9.5, 9.5, 13], "rotation": 180, "texture": "#0"}
			}
		}
	],
	"display": {
		"thirdperson_righthand": {
			"scale": [0.5, 0.5, 0.5]
		},
		"thirdperson_lefthand": {
			"scale": [0.5, 0.5, 0.5]
		},
		"firstperson_righthand": {
			"rotation": [9.98, -8.21, -78.83],
			"translation": [13.75, 1.75, 2.25]
		},
		"firstperson_lefthand": {
			"rotation": [19.76, 9.88, 109.08],
			"translation": [-8, -0.75, 2.5]
		},
		"ground": {
			"translation": [0, 4.75, 0]
		},
		"gui": {
			"rotation": [-158.33, -45.7, 93.18],
			"translation": [-3.75, -2, 0]
		},
		"head": {
			"translation": [0, 0, -8]
		},
		"fixed": {
			"rotation": [90, -90, 0],
			"translation": [0, 0, 6]
		},
		"on_shelf": {
			"rotation": [90, -90, 0]
		}
	},
	"groups": [
		{
			"name": "shell",
			"origin": [8.1, 4.36, 9.21],
			"color": 0,
			"children": [0]
		}
	]
}