{
	"format_version": "1.21.6",
	"credit": "Made with Blockbench",
	"texture_size": [32, 32],
	"textures": {
		"0": "terrarium_jar",
		"2": "grass_substrate",
		"4": "snail_green_terrarium",
		"particle": "terrarium_jar"
	},
	"elements": [
		{
			"from": [1, 0, 1],
			"to": [15, 13, 15],
			"rotation": {"angle": 0, "axis": "y", "origin": [7, 0, 7]},
			"faces": {
				"north": {"uv": [0, 7, 3.5, 10.25], "texture": "#0"},
				"east": {"uv": [7, 0, 10.5, 3.25], "texture": "#0"},
				"south": {"uv": [7, 3.25, 10.5, 6.5], "texture": "#0"},
				"west": {"uv": [3.5, 7, 7, 10.25], "texture": "#0"},
				"up": {"uv": [3.5, 3.5, 0, 0], "texture": "#0"},
				"down": {"uv": [3.5, 3.5, 0, 7], "texture": "#0"}
			}
		},
		{
			"from": [2, 13, 2],
			"to": [14, 15, 14],
			"rotation": {"angle": 0, "axis": "y", "origin": [7, 13, 7]},
			"faces": {
				"north": {"uv": [10, 6.5, 13, 7], "texture": "#0"},
				"east": {"uv": [10, 7, 13, 7.5], "texture": "#0"},
				"south": {"uv": [10, 7.5, 13, 8], "texture": "#0"},
				"west": {"uv": [10, 8, 13, 8.5], "texture": "#0"},
				"up": {"uv": [10, 9.5, 7, 6.5], "texture": "#0"},
				"down": {"uv": [10, 9.5, 7, 12.5], "texture": "#0"}
			}
		},
		{
			"from": [2.5, 13, 2.5],
			"to": [13.5, 14.9, 13.5],
			"rotation": {"angle": 0, "axis": "y", "origin": [7, 13, 7]},
			"faces": {
				"north": {"uv": [10, 8.5, 13.5, 8.75], "texture": "#0"},
				"east": {"uv": [10, 8.75, 13.5, 9], "texture": "#0"},
				"south": {"uv": [10, 9, 13.5, 9.25], "texture": "#0"},
				"west": {"uv": [10, 9.25, 13.5, 9.5], "texture": "#0"},
				"up": {"uv": [7, 3.5, 3.5, 0], "texture": "#0"},
				"down": {"uv": [7, 3.5, 3.5, 7], "texture": "#0"}
			}
		},
		{
			"from": [1, 14.6, 1],
			"to": [15, 16, 15],
			"rotation": {"angle": 0, "axis": "y", "origin": [7, 15, 7]},
			"faces": {
				"north": {"uv": [10, 8.5, 13.5, 8.75], "texture": "#0"},
				"east": {"uv": [10, 8.75, 13.5, 9], "texture": "#0"},
				"south": {"uv": [10, 9, 13.5, 9.25], "texture": "#0"},
				"west": {"uv": [10, 9.25, 13.5, 9.5], "texture": "#0"},
				"up": {"uv": [7, 3.5, 3.5, 0], "texture": "#0"},
				"down": {"uv": [7, 3.5, 3.5, 7], "texture": "#0"}
			}
		},
		{
			"from": [6.62, 2, 3.7],
			"to": [9.62, 4, 13.7],
			"rotation": {"angle": 0, "axis": "y", "origin": [7.94, 2, 8.66]},
			"faces": {
				"north": {"uv": [5, 5, 6.5, 6], "texture": "#4"},
				"east": {"uv": [0, 5, 5, 6], "texture": "#4"},
				"south": {"uv": [11.5, 5, 13, 6], "texture": "#4"},
				"west": {"uv": [6.5, 5, 11.5, 6], "texture": "#4"},
				"up": {"uv": [6.5, 5, 5, 0], "texture": "#4"},
				"down": {"uv": [8, 0, 6.5, 5], "texture": "#4"}
			}
		},
		{
			"from": [6.62, 3.66389, 3.71],
			"to": [7.62, 6.66389, 3.71],
			"rotation": {"angle": -20, "axis": "x", "origin": [8.11, 3.98, 3.732]},
			"faces": {
				"north": {"uv": [12, 6, 12.5, 7.5], "texture": "#4"},
				"east": {"uv": [12, 6, 12, 7.5], "texture": "#4"},
				"south": {"uv": [12.5, 6, 13, 7.5], "texture": "#4"},
				"west": {"uv": [12.5, 6, 12.5, 7.5], "texture": "#4"},
				"up": {"uv": [12.5, 6, 12, 6], "texture": "#4"},
				"down": {"uv": [13, 6, 12.5, 6], "texture": "#4"}
			}
		},
		{
			"from": [8.6, 3.66389, 3.71],
			"to": [9.6, 6.66389, 3.71],
			"rotation": {"angle": -20, "axis": "x", "origin": [8.11, 3.98, 3.732]},
			"faces": {
				"north": {"uv": [12, 7.5, 12.5, 9], "texture": "#4"},
				"east": {"uv": [12, 7.5, 12, 9], "texture": "#4"},
				"south": {"uv": [12.5, 7.5, 13, 9], "texture": "#4"},
				"west": {"uv": [12.5, 7.5, 12.5, 9], "texture": "#4"},
				"up": {"uv": [12.5, 7.5, 12, 7.5], "texture": "#4"},
				"down": {"uv": [13, 7.5, 12.5, 7.5], "texture": "#4"}
			}
		},
		{
			"from": [9.3, 2.1, 3],
			"to": [9.3, 3.1, 4],
			"rotation": {"angle": -17.5, "axis": "y", "origin": [9.3, 2.6, 3.5]},
			"faces": {
				"north": {"uv": [4.5, 4, 4.5, 4.5], "texture": "#4"},
				"east": {"uv": [4, 4, 4.5, 4.5], "texture": "#4"},
				"south": {"uv": [5, 4, 5, 4.5], "texture": "#4"},
				"west": {"uv": [4.5, 4, 5, 4.5], "texture": "#4"},
				"up": {"uv": [4.5, 4, 4.5, 3.5], "texture": "#4"},
				"down": {"uv": [4.5, 3.5, 4.5, 4], "texture": "#4"}
			}
		},
		{
			"from": [6.95, 2.1, 3],
			"to": [6.95, 3.1, 4],
			"rotation": {"angle": 17.5, "axis": "y", "origin": [7, 2.6, 3.5]},
			"faces": {
				"north": {"uv": [4.5, 4, 4.5, 4.5], "texture": "#4"},
				"east": {"uv": [5, 4, 4.5, 4.5], "texture": "#4"},
				"south": {"uv": [5, 4, 5, 4.5], "texture": "#4"},
				"west": {"uv": [4.5, 4, 4, 4.5], "texture": "#4"},
				"up": {"uv": [4.5, 4, 4.5, 3.5], "texture": "#4"},
				"down": {"uv": [4.5, 3.5, 4.5, 4], "texture": "#4"}
			}
		},
		{
			"from": [5.6, 2.86, 5.71],
			"to": [10.6, 9.86, 12.71],
			"rotation": {"angle": -12.5, "axis": "x", "origin": [8.1, 6.36, 9.21]},
			"faces": {
				"north": {"uv": [3.5, 9.5, 6, 13], "texture": "#4"},
				"east": {"uv": [0, 9.5, 3.5, 13], "texture": "#4"},
				"south": {"uv": [9.5, 9.5, 12, 13], "texture": "#4"},
				"west": {"uv": [6, 9.5, 9.5, 13], "texture": "#4"},
				"up": {"uv": [6, 9.5, 3.5, 6], "texture": "#4"},
				"down": {"uv": [8.5, 6, 6, 9.5], "texture": "#4"}
			}
		},
		{
			"from": [1.1, 0.1, 1.1],
			"to": [14.9, 2.1, 14.9],
			"rotation": {"angle": 0, "axis": "y", "origin": [7, 0, 1]},
			"faces": {
				"north": {"uv": [0, 14, 16, 16], "texture": "#2"},
				"east": {"uv": [0, 14, 16, 16], "texture": "#2"},
				"south": {"uv": [0, 14, 16, 16], "texture": "#2"},
				"west": {"uv": [0, 14, 16, 16], "texture": "#2"},
				"up": {"uv": [16, 0, 0, 16], "texture": "#2"},
				"down": {"uv": [16, 16, 0, 0], "texture": "#2"}
			}
		}
	],
	"display": {
		"thirdperson_righthand": {
			"translation": [0, -1.25, 0],
			"scale": [0.25, 0.25, 0.25]
		},
		"thirdperson_lefthand": {
			"translation": [0, -1.25, 0],
			"scale": [0.25, 0.25, 0.25]
		},
		"firstperson_righthand": {
			"translation": [0, 2.25, 1.25],
			"scale": [0.35, 0.35, 0.35]
		},
		"firstperson_lefthand": {
			"translation": [0, 2.25, 1.25],
			"scale": [0.35, 0.35, 0.35]
		},
		"ground": {
			"translation": [0, 2.5, 0],
			"scale": [0.25, 0.25, 0.25]
		},
		"gui": {
			"rotation": [-157.5, 45, -180],
			"scale": [0.65, 0.65, 0.65]
		},
		"on_shelf": {
			"rotation": [0, -180, 0]
		}
	},
	"groups": [
		{
			"name": "jar",
			"origin": [7, 0, 7],
			"color": 0,
			"children": [0, 1, 2, 3]
		},
		{
			"name": "snail",
			"origin": [0, 1, 0],
			"color": 0,
			"children": [
				{
					"name": "body",
					"origin": [0, 0, 0],
					"color": 0,
					"children": [
						4,
						{
							"name": "eyes",
							"origin": [0.11, 1.81345, -4.06879],
							"rotation": [-12.5, 0, 0],
							"color": 0,
							"children": [
								{
									"name": "eye1",
									"origin": [-0.72, 1.98, -4.208],
									"color": 0,
									"children": [5]
								},
								{
									"name": "eye2",
									"origin": [0.98, 1.98, -4.208],
									"color": 0,
									"children": [6]
								}
							]
						},
						7,
						8
					]
				},
				{
					"name": "shell",
					"origin": [0.1, 4.36, 1.21],
					"rotation": [-12.5, 0, 0],
					"color": 0,
					"children": [9]
				}
			]
		},
		{
			"name": "substrate",
			"origin": [8, 8, 8],
			"color": 0,
			"children": [10]
		}
	]
}