{
  "variants": {
    "facing=north,blockstate=0": {
      "model": "gastropod_galore:block/garden_snail_terrarium_1"
    },
    "facing=east,blockstate=0": {
      "model": "gastropod_galore:block/garden_snail_terrarium_1",
      "y": 90
    },
    "facing=south,blockstate=0": {
      "model": "gastropod_galore:block/garden_snail_terrarium_1",
      "y": 180
    },
    "facing=west,blockstate=0": {
      "model": "gastropod_galore:block/garden_snail_terrarium_1",
      "y": 270
    },
    "facing=north,blockstate=1": {
      "model": "gastropod_galore:block/garden_snail_terrarium_blockstate_1_blockstate_0"
    },
    "facing=east,blockstate=1": {
      "model": "gastropod_galore:block/garden_snail_terrarium_blockstate_1_blockstate_0",
      "y": 90
    },
    "facing=south,blockstate=1": {
      "model": "gastropod_galore:block/garden_snail_terrarium_blockstate_1_blockstate_0",
      "y": 180
    },
    "facing=west,blockstate=1": {
      "model": "gastropod_galore:block/garden_snail_terrarium_blockstate_1_blockstate_0",
      "y": 270
    }
  }
}