{
  "type": "minecraft:random_patch",
  "config": {
    "tries": 96,
    "feature": {
      "feature": {
        "type": "minecraft:simple_block",
        "config": {
          "to_place": {
            "type": "minecraft:weighted_state_provider",
            "entries": [
              {
                "data": {
                  "Name": "minecraft:red_mushroom"
                },
                "weight": 1
              },
              {
                "data": {
                  "Name": "minecraft:brown_mushroom"
                },
                "weight": 1
              }
            ]
          }
        }
      },
      "placement": [
        {
          "type": "minecraft:block_predicate_filter",
          "predicate": {
            "type": "minecraft:all_of",
            "predicates": [
              {
                "type": "minecraft:matching_blocks",
                "blocks": "minecraft:air"
              },
              {
                "type": "minecraft:matching_blocks",
                "blocks": [
                  "minecraft:grass_block",
                  "minecraft:dirt"
                ],
                "offset": [
                  0,
                  -1,
                  0
                ]
              }
            ]
          }
        }
      ]
    }
  }
}