{
  "variants": {
    "facing=north,blockstate=0": {
      "model": "gastropod_galore:block/mossy_snail_shell_yellow"
    },
    "facing=east,blockstate=0": {
      "model": "gastropod_galore:block/mossy_snail_shell_yellow",
      "y": 90
    },
    "facing=south,blockstate=0": {
      "model": "gastropod_galore:block/mossy_snail_shell_yellow",
      "y": 180
    },
    "facing=west,blockstate=0": {
      "model": "gastropod_galore:block/mossy_snail_shell_yellow",
      "y": 270
    },
    "facing=north,blockstate=1": {
      "model": "gastropod_galore:block/mossy_snail_shell_rotation_3_blockstate_0"
    },
    "facing=east,blockstate=1": {
      "model": "gastropod_galore:block/mossy_snail_shell_rotation_3_blockstate_0",
      "y": 90
    },
    "facing=south,blockstate=1": {
      "model": "gastropod_galore:block/mossy_snail_shell_rotation_3_blockstate_0",
      "y": 180
    },
    "facing=west,blockstate=1": {
      "model": "gastropod_galore:block/mossy_snail_shell_rotation_3_blockstate_0",
      "y": 270
    }
  }
}