{
  "variants": {
    "facing=north,blockstate=0": {
      "model": "gastropod_galore:block/snail_shell"
    },
    "facing=east,blockstate=0": {
      "model": "gastropod_galore:block/snail_shell",
      "y": 90
    },
    "facing=south,blockstate=0": {
      "model": "gastropod_galore:block/snail_shell",
      "y": 180
    },
    "facing=west,blockstate=0": {
      "model": "gastropod_galore:block/snail_shell",
      "y": 270
    },
    "facing=north,blockstate=1": {
      "model": "gastropod_galore:block/snail_shell_rotation_blockstate_0"
    },
    "facing=east,blockstate=1": {
      "model": "gastropod_galore:block/snail_shell_rotation_blockstate_0",
      "y": 90
    },
    "facing=south,blockstate=1": {
      "model": "gastropod_galore:block/snail_shell_rotation_blockstate_0",
      "y": 180
    },
    "facing=west,blockstate=1": {
      "model": "gastropod_galore:block/snail_shell_rotation_blockstate_0",
      "y": 270
    }
  }
}