{
	"format_version": "1.21.6",
	"credit": "Made with Blockbench",
	"texture_size": [32, 32],
	"textures": {
		"0": "reddish_large_snail_texture_block"
	},
	"elements": [
		{
			"from": [2.6, 0, 2.6],
			"to": [13.4, 7.2, 13.4],
			"rotation": {"angle": 0, "axis": "z", "origin": [8, 3.6, 8]},
			"faces": {
				"north": {"uv": [4.5, 10.5, 7.5, 15], "rotation": 270, "texture": "#0"},
				"east": {"uv": [7.5, 10.5, 4.5, 6], "rotation": 90, "texture": "#0"},
				"south": {"uv": [12, 10.5, 15, 15], "rotation": 90, "texture": "#0"},
				"west": {"uv": [10.5, 6, 7.5, 10.5], "rotation": 90, "texture": "#0"},
				"up": {"uv": [7.5, 10.5, 12, 15], "rotation": 90, "texture": "#0"},
				"down": {"uv": [0, 10.5, 4.5, 15], "rotation": 90, "texture": "#0"}
			}
		}
	]
}