{
	"format_version": "1.21.6",
	"credit": "Made with Blockbench",
	"texture_size": [32, 32],
	"textures": {
		"0": "terrarium_jar",
		"2": "grass_substrate",
		"5": "slug_tan_terrarium",
		"particle": "terrarium_jar"
	},
	"elements": [
		{
			"from": [1, 0, 1],
			"to": [15, 13, 15],
			"rotation": {"angle": 0, "axis": "y", "origin": [7, 0, 7]},
			"faces": {
				"north": {"uv": [0, 7, 3.5, 10.25], "texture": "#0"},
				"east": {"uv": [7, 0, 10.5, 3.25], "texture": "#0"},
				"south": {"uv": [7, 3.25, 10.5, 6.5], "texture": "#0"},
				"west": {"uv": [3.5, 7, 7, 10.25], "texture": "#0"},
				"up": {"uv": [3.5, 3.5, 0, 0], "texture": "#0"},
				"down": {"uv": [3.5, 3.5, 0, 7], "texture": "#0"}
			}
		},
		{
			"from": [2, 13, 2],
			"to": [14, 15, 14],
			"rotation": {"angle": 0, "axis": "y", "origin": [7, 13, 7]},
			"faces": {
				"north": {"uv": [10, 6.5, 13, 7], "texture": "#0"},
				"east": {"uv": [10, 7, 13, 7.5], "texture": "#0"},
				"south": {"uv": [10, 7.5, 13, 8], "texture": "#0"},
				"west": {"uv": [10, 8, 13, 8.5], "texture": "#0"},
				"up": {"uv": [10, 9.5, 7, 6.5], "texture": "#0"},
				"down": {"uv": [10, 9.5, 7, 12.5], "texture": "#0"}
			}
		},
		{
			"from": [2.5, 13, 2.5],
			"to": [13.5, 14.9, 13.5],
			"rotation": {"angle": 0, "axis": "y", "origin": [7, 13, 7]},
			"faces": {
				"north": {"uv": [10, 8.5, 13.5, 8.75], "texture": "#0"},
				"east": {"uv": [10, 8.75, 13.5, 9], "texture": "#0"},
				"south": {"uv": [10, 9, 13.5, 9.25], "texture": "#0"},
				"west": {"uv": [10, 9.25, 13.5, 9.5], "texture": "#0"},
				"up": {"uv": [7, 3.5, 3.5, 0], "texture": "#0"},
				"down": {"uv": [7, 3.5, 3.5, 7], "texture": "#0"}
			}
		},
		{
			"from": [1, 14.6, 1],
			"to": [15, 16, 15],
			"rotation": {"angle": 0, "axis": "y", "origin": [7, 15, 7]},
			"faces": {
				"north": {"uv": [10, 8.5, 13.5, 8.75], "texture": "#0"},
				"east": {"uv": [10, 8.75, 13.5, 9], "texture": "#0"},
				"south": {"uv": [10, 9, 13.5, 9.25], "texture": "#0"},
				"west": {"uv": [10, 9.25, 13.5, 9.5], "texture": "#0"},
				"up": {"uv": [7, 3.5, 3.5, 0], "texture": "#0"},
				"down": {"uv": [7, 3.5, 3.5, 7], "texture": "#0"}
			}
		},
		{
			"from": [1.1, 0.1, 1.1],
			"to": [14.9, 2.1, 14.9],
			"rotation": {"angle": 0, "axis": "y", "origin": [7, 0, 1]},
			"faces": {
				"north": {"uv": [0, 14, 16, 16], "texture": "#2"},
				"east": {"uv": [0, 14, 16, 16], "texture": "#2"},
				"south": {"uv": [0, 14, 16, 16], "texture": "#2"},
				"west": {"uv": [0, 14, 16, 16], "texture": "#2"},
				"up": {"uv": [16, 0, 0, 16], "texture": "#2"},
				"down": {"uv": [16, 16, 0, 0], "texture": "#2"}
			}
		},
		{
			"from": [6.52, 2, 9.7],
			"to": [9.52, 4, 12.7],
			"rotation": {"angle": 0, "axis": "y", "origin": [8.02538, 4.99, 7.85]},
			"faces": {
				"north": {"uv": [3.5, 3.5, 5, 4.5], "texture": "#5"},
				"east": {"uv": [2, 3.5, 3.5, 4.5], "texture": "#5"},
				"south": {"uv": [6.5, 3.5, 8, 4.5], "texture": "#5"},
				"west": {"uv": [5, 3.5, 6.5, 4.5], "texture": "#5"},
				"up": {"uv": [5, 3.5, 3.5, 2], "texture": "#5"},
				"down": {"uv": [6.5, 2, 5, 3.5], "texture": "#5"}
			}
		},
		{
			"from": [6.02, 2, 4.7],
			"to": [10.02, 5, 9.7],
			"rotation": {"angle": 0, "axis": "y", "origin": [8.02538, 4.99, 7.85]},
			"faces": {
				"north": {"uv": [3, 7.5, 5, 9], "texture": "#5"},
				"east": {"uv": [0.5, 7.5, 3, 9], "texture": "#5"},
				"south": {"uv": [7.5, 7.5, 9.5, 9], "texture": "#5"},
				"west": {"uv": [5, 7.5, 7.5, 9], "texture": "#5"},
				"up": {"uv": [5, 7.5, 3, 5], "texture": "#5"},
				"down": {"uv": [7, 5, 5, 7.5], "texture": "#5"}
			}
		},
		{
			"from": [6.02, 4.98, 4.732],
			"to": [7.02, 8.98, 4.732],
			"rotation": {"angle": -12.5, "axis": "x", "origin": [8.02538, 4.99, 4.85]},
			"faces": {
				"north": {"uv": [1, 9, 1.5, 11], "texture": "#5"},
				"east": {"uv": [1, 9, 1, 11], "texture": "#5"},
				"south": {"uv": [1.5, 9, 2, 11], "texture": "#5"},
				"west": {"uv": [1.5, 9, 1.5, 11], "texture": "#5"},
				"up": {"uv": [1.5, 9, 1, 9], "texture": "#5"},
				"down": {"uv": [2, 9, 1.5, 9], "texture": "#5"}
			}
		},
		{
			"from": [9, 4.98, 4.732],
			"to": [10, 8.98, 4.732],
			"rotation": {"angle": -12.5, "axis": "x", "origin": [8.02538, 4.99, 4.85]},
			"faces": {
				"north": {"uv": [0, 9, 0.5, 11], "texture": "#5"},
				"east": {"uv": [0, 9, 0, 11], "texture": "#5"},
				"south": {"uv": [0.5, 9, 1, 11], "texture": "#5"},
				"west": {"uv": [0.5, 9, 0.5, 11], "texture": "#5"},
				"up": {"uv": [0.5, 9, 0, 9], "texture": "#5"},
				"down": {"uv": [1, 9, 0.5, 9], "texture": "#5"}
			}
		},
		{
			"from": [9.6, 2.6, 4],
			"to": [9.6, 3.6, 5],
			"rotation": {"angle": -10, "axis": "y", "origin": [9.6, 3.1, 4.5]},
			"faces": {
				"north": {"uv": [2.5, 9.5, 2.5, 10], "texture": "#5"},
				"east": {"uv": [2, 9.5, 2.5, 10], "texture": "#5"},
				"south": {"uv": [3, 9.5, 3, 10], "texture": "#5"},
				"west": {"uv": [2.5, 9.5, 3, 10], "texture": "#5"},
				"up": {"uv": [2.5, 9.5, 2.5, 9], "texture": "#5"},
				"down": {"uv": [2.5, 9, 2.5, 9.5], "texture": "#5"}
			}
		},
		{
			"from": [6.45076, 2.6, 4.00868],
			"to": [6.45076, 3.6, 5.00868],
			"rotation": {"angle": 10, "axis": "y", "origin": [6.45076, 3.1, 4.50868]},
			"faces": {
				"north": {"uv": [2.5, 9.5, 2.5, 10], "texture": "#5"},
				"east": {"uv": [2, 9.5, 2.5, 10], "texture": "#5"},
				"south": {"uv": [3, 9.5, 3, 10], "texture": "#5"},
				"west": {"uv": [2.5, 9.5, 3, 10], "texture": "#5"},
				"up": {"uv": [2.5, 9.5, 2.5, 9], "texture": "#5"},
				"down": {"uv": [2.5, 9, 2.5, 9.5], "texture": "#5"}
			}
		}
	],
	"display": {
		"thirdperson_righthand": {
			"translation": [0, -1.25, 0],
			"scale": [0.25, 0.25, 0.25]
		},
		"thirdperson_lefthand": {
			"translation": [0, -1.25, 0],
			"scale": [0.25, 0.25, 0.25]
		},
		"firstperson_righthand": {
			"translation": [0, 2.25, 1.25],
			"scale": [0.35, 0.35, 0.35]
		},
		"firstperson_lefthand": {
			"translation": [0, 2.25, 1.25],
			"scale": [0.35, 0.35, 0.35]
		},
		"ground": {
			"translation": [0, 2.5, 0],
			"scale": [0.25, 0.25, 0.25]
		},
		"gui": {
			"rotation": [-157.5, 45, -180],
			"scale": [0.65, 0.65, 0.65]
		},
		"on_shelf": {
			"rotation": [0, -180, 0]
		}
	},
	"groups": [
		{
			"name": "jar",
			"origin": [7, 0, 7],
			"color": 0,
			"children": [0, 1, 2, 3]
		},
		{
			"name": "substrate",
			"origin": [8, 8, 8],
			"color": 0,
			"children": [4]
		},
		{
			"name": "slug",
			"origin": [-0.1, 1, 3],
			"color": 0,
			"children": [
				{
					"name": "body",
					"origin": [-0.1, 0, 3],
					"color": 0,
					"children": [
						5,
						6,
						{
							"name": "eyes",
							"origin": [0.01, 2.81345, -3.06879],
							"rotation": [-12.5, 0, 0],
							"color": 0,
							"children": [
								{
									"name": "eye1",
									"origin": [-1.32, 2.98, -3.208],
									"color": 0,
									"children": [7]
								},
								{
									"name": "eye2",
									"origin": [1.38, 2.98, -3.208],
									"color": 0,
									"children": [8]
								}
							]
						},
						9,
						10
					]
				}
			]
		}
	]
}