{
	"format_version": "1.21.6",
	"credit": "Made with Blockbench",
	"texture_size": [32, 32],
	"textures": {
		"0": "terrarium_jar",
		"2": "grass_substrate",
		"particle": "terrarium_jar"
	},
	"elements": [
		{
			"from": [1, 0, 1],
			"to": [15, 13, 15],
			"rotation": {"angle": 0, "axis": "y", "origin": [7, 0, 7]},
			"faces": {
				"north": {"uv": [0, 7, 3.5, 10.25], "texture": "#0"},
				"east": {"uv": [7, 0, 10.5, 3.25], "texture": "#0"},
				"south": {"uv": [7, 3.25, 10.5, 6.5], "texture": "#0"},
				"west": {"uv": [3.5, 7, 7, 10.25], "texture": "#0"},
				"up": {"uv": [3.5, 3.5, 0, 0], "texture": "#0"},
				"down": {"uv": [3.5, 3.5, 0, 7], "texture": "#0"}
			}
		},
		{
			"from": [2, 13, 2],
			"to": [14, 15, 14],
			"rotation": {"angle": 0, "axis": "y", "origin": [7, 13, 7]},
			"faces": {
				"north": {"uv": [10, 6.5, 13, 7], "texture": "#0"},
				"east": {"uv": [10, 7, 13, 7.5], "texture": "#0"},
				"south": {"uv": [10, 7.5, 13, 8], "texture": "#0"},
				"west": {"uv": [10, 8, 13, 8.5], "texture": "#0"},
				"up": {"uv": [10, 9.5, 7, 6.5], "texture": "#0"},
				"down": {"uv": [10, 9.5, 7, 12.5], "texture": "#0"}
			}
		},
		{
			"from": [2.5, 13, 2.5],
			"to": [13.5, 14.9, 13.5],
			"rotation": {"angle": 0, "axis": "y", "origin": [7, 13, 7]},
			"faces": {
				"north": {"uv": [10, 8.5, 13.5, 8.75], "texture": "#0"},
				"east": {"uv": [10, 8.75, 13.5, 9], "texture": "#0"},
				"south": {"uv": [10, 9, 13.5, 9.25], "texture": "#0"},
				"west": {"uv": [10, 9.25, 13.5, 9.5], "texture": "#0"},
				"up": {"uv": [7, 3.5, 3.5, 0], "texture": "#0"},
				"down": {"uv": [7, 3.5, 3.5, 7], "texture": "#0"}
			}
		},
		{
			"from": [1, 14.6, 1],
			"to": [15, 16, 15],
			"rotation": {"angle": 0, "axis": "y", "origin": [7, 15, 7]},
			"faces": {
				"north": {"uv": [10, 8.5, 13.5, 8.75], "texture": "#0"},
				"east": {"uv": [10, 8.75, 13.5, 9], "texture": "#0"},
				"south": {"uv": [10, 9, 13.5, 9.25], "texture": "#0"},
				"west": {"uv": [10, 9.25, 13.5, 9.5], "texture": "#0"},
				"up": {"uv": [7, 3.5, 3.5, 0], "texture": "#0"},
				"down": {"uv": [7, 3.5, 3.5, 7], "texture": "#0"}
			}
		},
		{
			"from": [1.1, 0.1, 1.1],
			"to": [14.9, 2.1, 14.9],
			"rotation": {"angle": 0, "axis": "y", "origin": [7, 0, 1]},
			"faces": {
				"north": {"uv": [0, 14, 16, 16], "texture": "#2"},
				"east": {"uv": [0, 14, 16, 16], "texture": "#2"},
				"south": {"uv": [0, 14, 16, 16], "texture": "#2"},
				"west": {"uv": [0, 14, 16, 16], "texture": "#2"},
				"up": {"uv": [16, 0, 0, 16], "texture": "#2"},
				"down": {"uv": [16, 16, 0, 0], "texture": "#2"}
			}
		}
	],
	"display": {
		"thirdperson_righthand": {
			"translation": [0, -1.25, 0],
			"scale": [0.25, 0.25, 0.25]
		},
		"thirdperson_lefthand": {
			"translation": [0, -1.25, 0],
			"scale": [0.25, 0.25, 0.25]
		},
		"firstperson_righthand": {
			"translation": [0, 2.25, 1.25],
			"scale": [0.35, 0.35, 0.35]
		},
		"firstperson_lefthand": {
			"translation": [0, 2.25, 1.25],
			"scale": [0.35, 0.35, 0.35]
		},
		"ground": {
			"translation": [0, 2.5, 0],
			"scale": [0.25, 0.25, 0.25]
		},
		"gui": {
			"rotation": [-157.5, 45, -180],
			"scale": [0.65, 0.65, 0.65]
		},
		"on_shelf": {
			"rotation": [0, -180, 0]
		}
	},
	"groups": [
		{
			"name": "jar",
			"origin": [7, 0, 7],
			"color": 0,
			"children": [0, 1, 2, 3]
		},
		{
			"name": "substrate",
			"origin": [8, 8, 8],
			"color": 0,
			"children": [4]
		}
	]
}