{
  "_fv": 79,
  "_type": "blockstates",
  "definition": {
    "block": "AppleSnailShell",
    "blockstateList": [
      {
        "texture": "apple_snail_shell_block",
        "textureTop": "",
        "textureLeft": "",
        "textureFront": "",
        "textureRight": "",
        "textureBack": "",
        "particleTexture": "",
        "renderType": 2,
        "customModelName": "apple_snail_shell1:default",
        "luminance": 0,
        "boundingBoxes": [
          {
            "mx": 4.5,
            "my": 0.0,
            "mz": 4.5,
            "Mx": 11.5,
            "My": 7.0,
            "Mz": 11.5,
            "subtract": false
          }
        ]
      }
    ]
  }
}