{
  "_fv": 79,
  "_type": "procedure",
  "definition": {
    "procedurexml": "<xml xmlns=\"https://developers.google.com/blockly/xml\"><block type=\"event_trigger\" deletable=\"false\" x=\"40\" y=\"40\"><field name=\"trigger\">no_ext_trigger</field><next><block type=\"controls_if\"><mutation elseif=\"1\"></mutation><value name=\"IF0\"><block type=\"entity_issneaking\"><value name=\"entity\"><block type=\"entity_from_deps\"></block></value></block></value><statement name=\"DO0\"><block type=\"block_set_blockstate\"><value name=\"x\"><block type=\"coord_x\"></block></value><value name=\"y\"><block type=\"coord_y\"></block></value><value name=\"z\"><block type=\"coord_z\"></block></value><value name=\"value\"><block type=\"math_number\"><field name=\"NUM\">1</field></block></value></block></statement><value name=\"IF1\"><block type=\"logic_negate\"><value name=\"BOOL\"><block type=\"entity_issneaking\"><value name=\"entity\"><block type=\"entity_from_deps\"></block></value></block></value></block></value><statement name=\"DO1\"><block type=\"block_set_blockstate\"><value name=\"x\"><block type=\"coord_x\"></block></value><value name=\"y\"><block type=\"coord_y\"></block></value><value name=\"z\"><block type=\"coord_z\"></block></value><value name=\"value\"><block type=\"math_number\"><field name=\"NUM\">0</field></block></value></block></statement></block></next></block></xml>",
    "skipDependencyNullCheck": false
  }
}