{
  "_fv": 79,
  "_type": "procedure",
  "definition": {
    "procedurexml": "<xml xmlns=\"https://developers.google.com/blockly/xml\"><block type=\"event_trigger\" deletable=\"false\" x=\"101\" y=\"88\"><field name=\"trigger\">no_ext_trigger</field><next><block type=\"controls_if\"><value name=\"IF0\"><block type=\"entity_ischild\"><value name=\"entity\"><block type=\"entity_from_deps\"></block></value></block></value><statement name=\"DO0\"><block type=\"world_entity_inrange_foreach\"><value name=\"_placeholder\"><block type=\"entity_iterator\"></block></value><value name=\"x\"><block type=\"coord_x\"></block></value><value name=\"y\"><block type=\"coord_y\"></block></value><value name=\"z\"><block type=\"coord_z\"></block></value><value name=\"range\"><block type=\"math_number\"><field name=\"NUM\">6</field></block></value><statement name=\"foreach\"><block type=\"controls_if\"><value name=\"IF0\"><block type=\"logic_entity_compare\"><field name=\"entity\">CUSTOM:BananaSlug</field><value name=\"compareTo\"><block type=\"entity_iterator\"></block></value></block></value><statement name=\"DO0\"><block type=\"entity_maketamed\"><value name=\"entity\"><block type=\"entity_from_deps\"></block></value><value name=\"sourceentity\"><block type=\"entity_getowner\"><value name=\"entity\"><block type=\"entity_iterator\"></block></value></block></value></block></statement></block></statement></block></statement></block></next></block></xml>",
    "skipDependencyNullCheck": false
  }
}