{
  "_fv": 79,
  "_type": "procedure",
  "definition": {
    "procedurexml": "<xml xmlns=\"https://developers.google.com/blockly/xml\"><block type=\"event_trigger\" deletable=\"false\" x=\"40\" y=\"40\"><field name=\"trigger\">no_ext_trigger</field><next><block type=\"controls_if\"><value name=\"IF0\"><block type=\"logic_binary_ops\" inline=\"false\"><field name=\"OP\">AND</field><value name=\"A\"><block type=\"compare_mcitems_oredictionary\"><value name=\"a\"><block type=\"itemstack_to_mcitem\"></block></value><value name=\"b\"><block type=\"text\"><field name=\"TEXT\">gastropod_galore:slug_food</field></block></value></block></value><value name=\"B\"><block type=\"logic_binary_ops\" inline=\"false\"><field name=\"OP\">AND</field><value name=\"A\"><block type=\"math_binary_ops\"><field name=\"OP\">EQ</field><value name=\"A\"><block type=\"entity_data_integer_get\"><field name=\"customEntity\">CUSTOM:BananaSlug</field><field name=\"accessor\">breed_cooldown</field><value name=\"entity\"><block type=\"entity_from_deps\"></block></value></block></value><value name=\"B\"><block type=\"math_number\"><field name=\"NUM\">0</field></block></value></block></value><value name=\"B\"><block type=\"logic_negate\"><value name=\"BOOL\"><block type=\"entity_ischild\"><value name=\"entity\"><block type=\"entity_from_deps\"></block></value></block></value></block></value></block></value></block></value><statement name=\"DO0\"><block type=\"controls_if\"><value name=\"IF0\"><block type=\"logic_negate\"><value name=\"BOOL\"><block type=\"entity_iscreative\"><value name=\"entity\"><block type=\"source_entity_from_deps\"></block></value></block></value></block></value><statement name=\"DO0\"><block type=\"itemstack_set_count\"><value name=\"item\"><block type=\"itemstack_to_mcitem\"></block></value><value name=\"amount\"><block type=\"math_dual_ops\"><field name=\"OP\">MINUS</field><value name=\"A\"><block type=\"itemstack_get_count\"><value name=\"item\"><block type=\"itemstack_to_mcitem\"></block></value></block></value><value name=\"B\"><block type=\"math_number\"><field name=\"NUM\">1</field></block></value></block></value></block></statement><next><block type=\"controls_if\"><mutation else=\"1\"></mutation><value name=\"IF0\"><block type=\"compare_mcitems\"><value name=\"a\"><block type=\"itemstack_to_mcitem\"></block></value><value name=\"b\"><block type=\"entity_iteminhand\"><value name=\"entity\"><block type=\"source_entity_from_deps\"></block></value></block></value></block></value><statement name=\"DO0\"><block type=\"entity_swing_mainhand\"><value name=\"entity\"><block type=\"entity_from_deps\"></block></value></block></statement><statement name=\"ELSE\"><block type=\"entity_swing_offhand\"><value name=\"entity\"><block type=\"entity_from_deps\"></block></value></block></statement><next><block type=\"spawn_particle_multi\"><field name=\"particle\">HEART</field><value name=\"count\"><block type=\"math_number\"><field name=\"NUM\">5</field></block></value><value name=\"x\"><block type=\"coord_x\"></block></value><value name=\"y\"><block type=\"coord_y\"></block></value><value name=\"z\"><block type=\"coord_z\"></block></value><value name=\"dx\"><block type=\"math_number\"><field name=\"NUM\">0.3</field></block></value><value name=\"dy\"><block type=\"math_number\"><field name=\"NUM\">0.3</field></block></value><value name=\"dz\"><block type=\"math_number\"><field name=\"NUM\">0.3</field></block></value><value name=\"speed\"><block type=\"math_number\"><field name=\"NUM\">1</field></block></value><next><block type=\"entity_data_integer_set\"><field name=\"customEntity\">CUSTOM:BananaSlug</field><field name=\"accessor\">breed_cooldown</field><value name=\"entity\"><block type=\"entity_from_deps\"></block></value><value name=\"value\"><block type=\"math_number\"><field name=\"NUM\">1200</field></block></value><next><block type=\"entity_execute_command\"><value name=\"command\"><block type=\"text\"><field name=\"TEXT\">data merge entity @s {InLove:600}</field></block></value><value name=\"entity\"><block type=\"entity_from_deps\"></block></value></block></next></block></next></block></next></block></next></block></statement></block></next></block></xml>",
    "skipDependencyNullCheck": false
  }
}