{
  "_fv": 79,
  "_type": "feature",
  "definition": {
    "skipPlacement": false,
    "generationStep": "SURFACE_STRUCTURES",
    "restrictionBiomes": [
      {
        "value": "CUSTOM:TemperateRainforest"
      }
    ],
    "featurexml": "<xml xmlns=\"https://developers.google.com/blockly/xml\"><block type=\"feature_container\" deletable=\"false\" x=\"40\" y=\"40\"><value name=\"feature\"><block type=\"configured_feature_reference\"><field name=\"feature\">fallen_oak_tree</field></block></value></block><block type=\"placement_count\" x=\"105\" y=\"295\"><value name=\"count\"><block type=\"int_provider_constant\"><field name=\"value\">50</field></block></value><next><block type=\"placement_in_square\"><next><block type=\"placement_height_uniform\"><comment pinned=\"false\" h=\"80\" w=\"160\">We pick a random height between the bottom of the world and Y=256</comment><value name=\"min\"><block type=\"vertical_anchor_above_bottom\"><field name=\"value\">0</field></block></value><value name=\"max\"><block type=\"vertical_anchor_absolute\"><field name=\"value\">256</field></block></value><next><block type=\"placement_biome_filter\"><comment pinned=\"false\" h=\"80\" w=\"160\">Don't generate the feature in the wrong biomes</comment></block></next></block></next></block></next></block></xml>"
  }
}