{
  "_fv": 79,
  "_type": "procedure",
  "definition": {
    "procedurexml": "<xml xmlns=\"https://developers.google.com/blockly/xml\"><block type=\"event_trigger\" deletable=\"false\" x=\"40\" y=\"40\"><field name=\"trigger\">no_ext_trigger</field><next><block type=\"controls_if\"><value name=\"IF0\"><block type=\"block_is_tagged_in\"><value name=\"a\"><block type=\"world_data_blockat\"><value name=\"x\"><block type=\"coord_x\"></block></value><value name=\"y\"><block type=\"coord_y\"></block></value><value name=\"z\"><block type=\"coord_z\"></block></value></block></value><value name=\"b\"><block type=\"text\"><field name=\"TEXT\">gastropod_galore:terrarium_filled</field></block></value></block></value><statement name=\"DO0\"><block type=\"entity_despawn\"><value name=\"entity\"><block type=\"world_entity_inrange\"><field name=\"entity\">CUSTOM:Snail</field><value name=\"x\"><block type=\"math_dual_ops\"><field name=\"OP\">ADD</field><value name=\"A\"><block type=\"coord_x\"></block></value><value name=\"B\"><block type=\"math_number\"><field name=\"NUM\">0.5</field></block></value></block></value><value name=\"y\"><block type=\"math_dual_ops\"><field name=\"OP\">ADD</field><value name=\"A\"><block type=\"coord_y\"></block></value><value name=\"B\"><block type=\"math_number\"><field name=\"NUM\">0.25</field></block></value></block></value><value name=\"z\"><block type=\"math_dual_ops\"><field name=\"OP\">ADD</field><value name=\"A\"><block type=\"coord_z\"></block></value><value name=\"B\"><block type=\"math_number\"><field name=\"NUM\">0.5</field></block></value></block></value><value name=\"range\"><block type=\"math_number\"><field name=\"NUM\">1</field></block></value></block></value></block></statement></block></next></block><block type=\"coord_z\" x=\"670\" y=\"173\"></block><block type=\"coord_x\" x=\"469\" y=\"214\"></block><block type=\"world_entity_inrange_foreach\" x=\"402\" y=\"234\"><value name=\"_placeholder\"><block type=\"entity_iterator\"></block></value><value name=\"x\"><block type=\"math_dual_ops\"><field name=\"OP\">ADD</field><value name=\"A\"><block type=\"coord_x\"></block></value><value name=\"B\"><block type=\"math_number\"><field name=\"NUM\">0.5</field></block></value></block></value><value name=\"y\"><block type=\"math_dual_ops\"><field name=\"OP\">ADD</field><value name=\"A\"><block type=\"coord_y\"></block></value><value name=\"B\"><block type=\"math_number\"><field name=\"NUM\">0.25</field></block></value></block></value><value name=\"z\"><block type=\"math_dual_ops\"><field name=\"OP\">ADD</field><value name=\"A\"><block type=\"coord_z\"></block></value><value name=\"B\"><block type=\"math_number\"><field name=\"NUM\">0.5</field></block></value></block></value><value name=\"range\"><block type=\"math_number\"><field name=\"NUM\">1</field></block></value><statement name=\"foreach\"><block type=\"controls_if\"><value name=\"IF0\"><block type=\"math_binary_ops\"><field name=\"OP\">EQ</field><value name=\"A\"><block type=\"entity_data_integer_get\"><field name=\"customEntity\">CUSTOM:Snail</field><field name=\"accessor\">terrarium</field><value name=\"entity\"><block type=\"entity_iterator\"></block></value></block></value><value name=\"B\"><block type=\"math_number\"><field name=\"NUM\">1</field></block></value></block></value></block></statement></block><block type=\"controls_if\" x=\"108\" y=\"376\"><value name=\"IF0\"><block type=\"world_entity_inrange_exists\"><field name=\"entity\">CUSTOM:Snail</field><value name=\"y\"><block type=\"coord_y\"></block></value><value name=\"range\"><block type=\"math_number\"><field name=\"NUM\">1</field></block></value></block></value></block></xml>",
    "skipDependencyNullCheck": false
  }
}