{
  "_fv": 79,
  "_type": "procedure",
  "definition": {
    "procedurexml": "<xml xmlns=\"https://developers.google.com/blockly/xml\"><block type=\"math_binary_ops\" x=\"108\" y=\"-82\"><field name=\"OP\">LT</field><value name=\"A\"><block type=\"math_dual_ops\" inline=\"false\"><field name=\"OP\">HYPOT</field><value name=\"A\"><block type=\"entity_vel_x\"><value name=\"entity\"><block type=\"entity_from_deps\"></block></value></block></value><value name=\"B\"><block type=\"entity_vel_z\"><value name=\"entity\"><block type=\"entity_from_deps\"></block></value></block></value></block></value><value name=\"B\"><block type=\"math_number\"><field name=\"NUM\">0.1</field></block></value></block><block type=\"math_binary_ops\" x=\"649\" y=\"-22\"><field name=\"OP\">EQ</field><value name=\"A\"><block type=\"entity_data_integer_get\" inline=\"false\"><field name=\"customEntity\">CUSTOM:Snail</field><field name=\"accessor\">hide</field><value name=\"entity\"><block type=\"entity_from_deps\"></block></value></block></value><value name=\"B\"><block type=\"math_number\"><field name=\"NUM\">0</field></block></value></block><block type=\"event_trigger\" deletable=\"false\" x=\"40\" y=\"40\"><field name=\"trigger\">no_ext_trigger</field><next><block type=\"return_logic\"><value name=\"return\"><block type=\"logic_negate\"><value name=\"BOOL\"><block type=\"is_entity_moving\"><value name=\"entity\"><block type=\"entity_from_deps\"></block></value></block></value></block></value></block></next></block><block type=\"logic_binary_ops\" inline=\"false\" x=\"289\" y=\"233\"><field name=\"OP\">AND</field><value name=\"A\"><block type=\"logic_binary_ops\" inline=\"false\"><field name=\"OP\">AND</field><value name=\"A\"><block type=\"math_binary_ops\"><field name=\"OP\">LT</field><value name=\"A\"><block type=\"math_singular_ops\"><field name=\"OP\">ABS</field><value name=\"NUM\"><block type=\"entity_vel_x\"><value name=\"entity\"><block type=\"entity_from_deps\"></block></value></block></value></block></value><value name=\"B\"><block type=\"math_number\"><field name=\"NUM\">0.1</field></block></value></block></value><value name=\"B\"><block type=\"math_binary_ops\"><field name=\"OP\">LT</field><value name=\"A\"><block type=\"math_singular_ops\"><field name=\"OP\">ABS</field><value name=\"NUM\"><block type=\"entity_vel_z\"><value name=\"entity\"><block type=\"entity_from_deps\"></block></value></block></value></block></value><value name=\"B\"><block type=\"math_number\"><field name=\"NUM\">0.1</field></block></value></block></value></block></value></block></xml>",
    "skipDependencyNullCheck": false
  }
}