{
  "_fv": 79,
  "_type": "procedure",
  "definition": {
    "procedurexml": "<xml xmlns=\"https://developers.google.com/blockly/xml\"><block type=\"event_trigger\" deletable=\"false\" x=\"40\" y=\"40\"><field name=\"trigger\">no_ext_trigger</field><next><block type=\"set_invulnerable_time\"><value name=\"entity\"><block type=\"entity_from_deps\"></block></value><value name=\"time\"><block type=\"math_number\"><field name=\"NUM\">1000</field></block></value><next><block type=\"spawn_particle_multi\"><field name=\"particle\">PORTAL</field><value name=\"count\"><block type=\"math_number\"><field name=\"NUM\">30</field></block></value><value name=\"x\"><block type=\"coord_x\"></block></value><value name=\"y\"><block type=\"coord_y\"></block></value><value name=\"z\"><block type=\"coord_z\"></block></value><value name=\"dx\"><block type=\"math_number\"><field name=\"NUM\">0.3</field></block></value><value name=\"dy\"><block type=\"math_number\"><field name=\"NUM\">0.3</field></block></value><value name=\"dz\"><block type=\"math_number\"><field name=\"NUM\">0.3</field></block></value><value name=\"speed\"><block type=\"math_number\"><field name=\"NUM\">1</field></block></value></block></next></block></next></block></xml>",
    "skipDependencyNullCheck": false
  }
}