{
  "_fv": 79,
  "_type": "procedure",
  "definition": {
    "procedurexml": "<xml xmlns=\"https://developers.google.com/blockly/xml\"><block type=\"event_trigger\" deletable=\"false\" x=\"40\" y=\"40\"><field name=\"trigger\">no_ext_trigger</field><next><block type=\"controls_if\"><mutation else=\"1\"></mutation><value name=\"IF0\"><block type=\"logic_negate\"><value name=\"BOOL\"><block type=\"world_data_checkdifficulty\"><field name=\"difficulty\">HARD</field></block></value></block></value><statement name=\"DO0\"><block type=\"entity_add_achievement\"><field name=\"achievement\">CUSTOM:ImmortalSnailDefeatedGoodEnding</field><value name=\"entity\"><block type=\"source_entity_from_deps\"></block></value></block></statement><statement name=\"ELSE\"><block type=\"wait\"><value name=\"ticks\"><block type=\"math_number\"><field name=\"NUM\">100</field></block></value><statement name=\"do\"><block type=\"controls_repeat_ext\"><value name=\"TIMES\"><block type=\"math_random_number_between\"><value name=\"min\"><block type=\"math_number\"><field name=\"NUM\">3</field></block></value><value name=\"max\"><block type=\"math_number\"><field name=\"NUM\">5</field></block></value></block></value><statement name=\"DO\"><block type=\"strike_lightning\"><field name=\"effectOnly\">FALSE</field><value name=\"x\"><block type=\"coord_x\"></block></value><value name=\"y\"><block type=\"coord_y\"></block></value><value name=\"z\"><block type=\"coord_z\"></block></value></block></statement><next><block type=\"entity_add_achievement\"><field name=\"achievement\">CUSTOM:ImmortalSnailDefeatedBadEnding</field><value name=\"entity\"><block type=\"source_entity_from_deps\"></block></value><next><block type=\"spawn_entity\"><field name=\"entity\">CUSTOM:ImmortalSnail</field><value name=\"x\"><block type=\"coord_x\"></block></value><value name=\"y\"><block type=\"coord_y\"></block></value><value name=\"z\"><block type=\"coord_z\"></block></value></block></next></block></next></block></statement></block></statement></block></next></block><block type=\"controls_if\" x=\"485\" y=\"111\"><value name=\"IF0\"><block type=\"math_binary_ops\"><field name=\"OP\">EQ</field><value name=\"A\"><block type=\"entity_data_integer_get\" collapsed=\"true\"><field name=\"customEntity\">CUSTOM:ImmortalSnail</field><field name=\"accessor\">death</field><value name=\"entity\"><block type=\"entity_from_deps\"></block></value></block></value><value name=\"B\"><block type=\"math_number\"><field name=\"NUM\">1</field></block></value></block></value><statement name=\"DO0\"><block type=\"entity_data_integer_set\"><field name=\"customEntity\">CUSTOM:ImmortalSnail</field><field name=\"accessor\">death</field><value name=\"entity\"><block type=\"entity_from_deps\"></block></value><value name=\"value\"><block type=\"math_number\"><field name=\"NUM\">0</field></block></value></block></statement></block></xml>",
    "skipDependencyNullCheck": false
  }
}