{
  "_fv": 79,
  "_type": "livingentity",
  "definition": {
    "mobName": "Magma Snail",
    "mobLabel": "",
    "mobModelName": "Modelvolcano_snail",
    "mobModelTexture": "volcano_snail.png",
    "transparentModelCondition": {
      "fixedValue": false
    },
    "isShakingCondition": {
      "fixedValue": false
    },
    "solidBoundingBox": {
      "fixedValue": false
    },
    "visualScale": {
      "fixedValue": 0.9
    },
    "boundingBoxScale": {
      "fixedValue": 1.0
    },
    "modelLayers": [
      {
        "model": "Default",
        "texture": "volcano_snail.png",
        "disableHurtOverlay": false,
        "glow": false
      }
    ],
    "animations": [
      {
        "animation": {
          "value": "CUSTOM:volcano_snailAnimation.idle"
        },
        "speed": 1.0,
        "condition": {
          "name": "IdleVolcanicSnailPlaybackCondition"
        },
        "walking": false,
        "amplitude": 1.0
      },
      {
        "animation": {
          "value": "CUSTOM:volcano_snailAnimation.walk"
        },
        "speed": 1.0,
        "condition": {
          "name": "WalkSnailPlaybackCondition"
        },
        "walking": false,
        "amplitude": 1.0
      },
      {
        "animation": {
          "value": "CUSTOM:volcano_snailAnimation.hide"
        },
        "speed": 1.0,
        "condition": {
          "name": "HidingVolcanicSnailPlaybackCondition"
        },
        "walking": false,
        "amplitude": 1.0
      },
      {
        "animation": {
          "value": "CUSTOM:volcano_snailAnimation.opening"
        },
        "speed": 1.0,
        "condition": {
          "name": "OpeningVolcanicSnailPlaybackCondition"
        },
        "walking": false,
        "amplitude": 1.0
      }
    ],
    "modelWidth": 0.7000000000000001,
    "modelHeight": 0.7000000000000001,
    "modelShadowSize": 0.30000000000000004,
    "mountedYOffset": 0.0,
    "hasSpawnEgg": true,
    "spawnEggBaseColor": {
      "value": -1,
      "falpha": 0.0
    },
    "spawnEggDotColor": {
      "value": -1,
      "falpha": 0.0
    },
    "spawnEggTexture": "magma_snail_spawn_egg_2d",
    "creativeTabs": [
      {
        "value": "MISC"
      }
    ],
    "isBoss": false,
    "bossBarColor": "PINK",
    "bossBarType": "PROGRESS",
    "equipmentMainHand": {
      "value": ""
    },
    "equipmentOffHand": {
      "value": ""
    },
    "equipmentHelmet": {
      "value": ""
    },
    "equipmentBody": {
      "value": ""
    },
    "equipmentLeggings": {
      "value": ""
    },
    "equipmentBoots": {
      "value": ""
    },
    "mobBehaviourType": "Mob",
    "mobCreatureType": "UNDEFINED",
    "attackStrength": 3,
    "attackKnockback": 0.0,
    "knockbackResistance": 0.0,
    "movementSpeed": 0.1,
    "stepHeight": 0.6,
    "armorBaseValue": 0.0,
    "trackingRange": 64,
    "followRange": 16,
    "health": 20,
    "xpAmount": 1,
    "waterMob": false,
    "breatheUnderwater": {
      "fixedValue": true
    },
    "pushedByFluids": {
      "fixedValue": true
    },
    "flyingMob": false,
    "inventorySize": 9,
    "inventoryStackSize": 99,
    "disableCollisions": false,
    "ridable": false,
    "canControlForward": false,
    "canControlStrafe": false,
    "immuneToFire": true,
    "immuneToArrows": false,
    "immuneToFallDamage": false,
    "immuneToCactus": false,
    "immuneToDrowning": false,
    "immuneToLightning": false,
    "immuneToPotions": false,
    "immuneToPlayer": false,
    "immuneToExplosion": true,
    "immuneToTrident": false,
    "immuneToAnvil": false,
    "immuneToWither": false,
    "immuneToDragonBreath": false,
    "mobDrop": {
      "value": "Items.MAGMA_CREAM"
    },
    "livingSound": {
      "value": "CUSTOM:magma_snail_rumbles"
    },
    "hurtSound": {
      "value": "CUSTOM:magma_snail_hurt"
    },
    "deathSound": {
      "value": "CUSTOM:magma_snail_dies"
    },
    "stepSound": {
      "value": ""
    },
    "raidCelebrationSound": {
      "value": ""
    },
    "entityDataEntries": [
      {
        "min": -2147483648,
        "max": 2147483647,
        "name": "hide",
        "type": "integer",
        "value": 0
      },
      {
        "min": -2147483648,
        "max": 2147483647,
        "name": "lava_cracks",
        "type": "integer",
        "value": 0
      },
      {
        "min": -2147483648,
        "max": 2147483647,
        "name": "cooking_cooldown",
        "type": "integer",
        "value": 0
      }
    ],
    "onRightClickedOn": {
      "name": "MagmaSnailRightclickedOnEntity"
    },
    "onMobTickUpdate": {
      "name": "MagmaSnailOnEntityTickUpdate"
    },
    "hasAI": true,
    "aiBase": "(none)",
    "aixml": "<xml xmlns=\"https://developers.google.com/blockly/xml\"><block type=\"aitasks_container\" deletable=\"false\" x=\"40\" y=\"40\"><next><block type=\"breed\"><field name=\"speed\">1</field><field name=\"condition\">null,null</field><next><block type=\"attack_entity\"><field name=\"insight\">TRUE</field><field name=\"nearby\">FALSE</field><field name=\"entity\">EntityMagmaCube</field><field name=\"condition\">null,null</field><next><block type=\"attack_on_collide\"><field name=\"speed\">1.2</field><field name=\"longmemory\">FALSE</field><field name=\"condition\">null,null</field><next><block type=\"attack_action\"><field name=\"callhelp\">FALSE</field><field name=\"condition\">null,null</field><next><block type=\"follow_item_in_hands\"><field name=\"speed\">1.2</field><field name=\"scared\">FALSE</field><field name=\"condition\">null,null</field><value name=\"item\"><block type=\"mcitem_all\"><field name=\"value\">Items.MAGMA_CREAM</field></block></value><next><block type=\"try_and_find_water\"><field name=\"condition\">null,null</field><next><block type=\"wander\"><field name=\"speed\">1</field><field name=\"condition\">null,null</field><next><block type=\"look_around\"><field name=\"condition\">null,null</field></block></next></block></next></block></next></block></next></block></next></block></next></block></next></block></next></block></xml>",
    "breedable": true,
    "tameable": false,
    "breedTriggerItems": [
      {
        "value": "Items.MAGMA_CREAM"
      }
    ],
    "ranged": false,
    "rangedAttackItem": {
      "value": ""
    },
    "rangedItemType": "Default item",
    "rangedAttackInterval": 20,
    "rangedAttackRadius": 10.0,
    "spawnThisMob": true,
    "doesDespawnWhenIdle": true,
    "spawningCondition": {
      "name": "MagmaSnailNaturalEntitySpawningCondition"
    },
    "spawningProbability": 200,
    "mobSpawningType": "waterCreature",
    "minNumberOfMobsPerGroup": 1,
    "maxNumberOfMobsPerGroup": 3,
    "restrictionBiomes": [],
    "spawnInDungeons": false,
    "raidSpawnsCount": [
      4,
      3,
      3,
      4,
      4,
      4,
      2
    ],
    "sensitiveToVibration": false,
    "vibrationalEvents": [],
    "vibrationSensitivityRadius": {
      "fixedValue": 7.0
    }
  }
}