{
  "_fv": 79,
  "_type": "feature",
  "definition": {
    "skipPlacement": false,
    "generationStep": "SURFACE_STRUCTURES",
    "restrictionBiomes": [],
    "featurexml": "<xml xmlns=\"https://developers.google.com/blockly/xml\"><block type=\"feature_container\" deletable=\"false\" x=\"40\" y=\"40\"><value name=\"feature\"><block type=\"feature_underwater_magma\"><field name=\"radius\">2</field><field name=\"search_range\">5</field><field name=\"probability\">0.5</field><comment pinned=\"false\" h=\"80\" w=\"160\">This block represents a patch of underwater magma</comment></block></value><next><block type=\"placement_count\"><comment pinned=\"false\" h=\"80\" w=\"160\">Each chunk will try to generate between 44 and 52 magma patches</comment><value name=\"count\"><block type=\"int_provider_uniform\"><field name=\"min\">16</field><field name=\"max\">52</field></block></value><next><block type=\"placement_in_square\"><comment pinned=\"false\" h=\"80\" w=\"160\">We move the feature, so that it doesn't generate in the corner only</comment><next><block type=\"placement_height_uniform\"><comment pinned=\"false\" h=\"80\" w=\"160\">The patches can generate between the bottom of the world and Y=256</comment><value name=\"min\"><block type=\"vertical_anchor_above_bottom\"><field name=\"value\">-40</field></block></value><value name=\"max\"><block type=\"vertical_anchor_absolute\"><field name=\"value\">60</field></block></value><next><block type=\"placement_surface_relative_threshold\"><field name=\"heightmap\">OCEAN_FLOOR_WG</field><field name=\"min\">-4096</field><field name=\"max\">-2</field><comment pinned=\"false\" h=\"80\" w=\"160\">This removes all the patches that tried to generate above the ocean floor</comment><next><block type=\"placement_biome_filter\"><comment pinned=\"true\" h=\"80\" w=\"160\">This prevents the patch from generating in nearby biomes.</comment></block></next></block></next></block></next></block></next></block></next></block></xml>"
  }
}