{
  "_fv": 79,
  "_type": "procedure",
  "definition": {
    "procedurexml": "<xml xmlns=\"https://developers.google.com/blockly/xml\"><block type=\"event_trigger\" deletable=\"false\" x=\"40\" y=\"40\"><field name=\"trigger\">no_ext_trigger</field><next><block type=\"controls_if\"><value name=\"IF0\"><block type=\"logic_negate\"><value name=\"BOOL\"><block type=\"entity_isaggressive\"><value name=\"entity\"><block type=\"entity_from_deps\"></block></value></block></value></block></value><statement name=\"DO0\"><block type=\"entity_set_target\"><value name=\"entity\"><block type=\"entity_from_deps\"></block></value><value name=\"sourceentity\"><block type=\"source_entity_from_deps\"></block></value></block></statement></block></next></block></xml>",
    "skipDependencyNullCheck": false
  }
}