{
  "_fv": 79,
  "_type": "procedure",
  "definition": {
    "procedurexml": "<xml xmlns=\"https://developers.google.com/blockly/xml\"><block type=\"event_trigger\" deletable=\"false\" x=\"40\" y=\"40\"><field name=\"trigger\">no_ext_trigger</field><next><block type=\"entity_data_integer_set\"><field name=\"customEntity\">CUSTOM:MossySnail</field><field name=\"accessor\">hide_timer</field><value name=\"entity\"><block type=\"entity_from_deps\"></block></value><value name=\"value\"><block type=\"math_number\"><field name=\"NUM\">140</field></block></value><next><block type=\"entity_data_integer_set\"><field name=\"customEntity\">CUSTOM:MossySnail</field><field name=\"accessor\">hide</field><value name=\"entity\"><block type=\"entity_from_deps\"></block></value><value name=\"value\"><block type=\"math_number\"><field name=\"NUM\">2</field></block></value><next><block type=\"entity_set_attribute_base_value\"><field name=\"attribute\">MOVEMENT_SPEED</field><value name=\"value\"><block type=\"math_number\"><field name=\"NUM\">0</field></block></value><value name=\"entity\"><block type=\"entity_from_deps\"></block></value></block></next></block></next></block></next></block></xml>",
    "skipDependencyNullCheck": false
  }
}