{
  "_fv": 79,
  "_type": "feature",
  "definition": {
    "skipPlacement": false,
    "generationStep": "TOP_LAYER_MODIFICATION",
    "restrictionBiomes": [
      {
        "value": "CUSTOM:TemperateRainforest"
      },
      {
        "value": "swamp"
      }
    ],
    "featurexml": "<xml xmlns=\"https://developers.google.com/blockly/xml\"><block type=\"feature_container\" deletable=\"false\" x=\"40\" y=\"40\"><value name=\"feature\"><block type=\"feature_disk_simple\"><field name=\"half_height\">1</field><comment pinned=\"false\" h=\"80\" w=\"160\">This block represents a disk of clay</comment><value name=\"block\"><block type=\"blockstate_selector\"><mutation xmlns=\"http://www.w3.org/1999/xhtml\" inputs=\"0\"></mutation><field name=\"block\">Blocks.MUD</field></block></value><value name=\"target\"><block type=\"block_predicate_matching_blocks\"><field name=\"x\">0</field><field name=\"y\">0</field><field name=\"z\">0</field><comment pinned=\"false\" h=\"80\" w=\"160\">The disk can only replace dirt and clay</comment><value name=\"blockSet\"><block type=\"block_holderset_list\" inline=\"false\"><mutation xmlns=\"http://www.w3.org/1999/xhtml\" inputs=\"6\"></mutation><field name=\"block0\">Blocks.GRASS</field><field name=\"block1\">Blocks.DIRT#0</field><field name=\"block2\">Blocks.SAND#0</field><field name=\"block3\">Blocks.MOSS_BLOCK</field><field name=\"block4\">Blocks.CLAY</field><field name=\"block5\">Blocks.MUD</field></block></value></block></value><value name=\"radius\"><block type=\"int_provider_uniform\"><field name=\"min\">2</field><field name=\"max\">3</field><comment pinned=\"false\" h=\"80\" w=\"160\">The disk has a radius between 2 and 3</comment></block></value></block></value><next><block type=\"placement_in_square\"><comment pinned=\"false\" h=\"80\" w=\"160\">This moves the feature so that it doesn't generate in the corner only</comment><next><block type=\"placement_heightmap\"><field name=\"heightmap\">MOTION_BLOCKING</field><comment pinned=\"false\" h=\"80\" w=\"160\">We try to generate the feature on the ocean floor</comment><next><block type=\"placement_biome_filter\"><comment pinned=\"false\" h=\"80\" w=\"160\">Prevents the feature from generating in other biomes</comment></block></next></block></next></block></next></block></xml>"
  }
}