{
  "_fv": 79,
  "_type": "feature",
  "definition": {
    "skipPlacement": false,
    "generationStep": "SURFACE_STRUCTURES",
    "restrictionBiomes": [
      {
        "value": "CUSTOM:TemperateRainforest"
      }
    ],
    "featurexml": "<xml xmlns=\"https://developers.google.com/blockly/xml\"><block type=\"feature_container\" deletable=\"false\" x=\"40\" y=\"40\"><value name=\"feature\"><block type=\"feature_forest_rock\"><comment pinned=\"false\" h=\"70\" w=\"313\">This block represent a forest rock, like the ones found in Old Growth Taigas. This feature should be added during the LOCAL_MODIFICATIONS step</comment><value name=\"block\"><block type=\"blockstate_selector\"><mutation xmlns=\"http://www.w3.org/1999/xhtml\" inputs=\"0\"></mutation><field name=\"block\">Blocks.PACKED_MUD</field><comment pinned=\"true\" h=\"80\" w=\"160\">This is the block that makes the forest rock.</comment></block></value></block></value><next><block type=\"placement_count\"><comment pinned=\"false\" h=\"80\" w=\"160\">We try to generate this feature twice in each chunk</comment><value name=\"count\"><block type=\"int_provider_constant\"><field name=\"value\">2</field></block></value><next><block type=\"placement_in_square\"><comment pinned=\"false\" h=\"83\" w=\"182\">We then move each patch horizontally. This way they don't generate only in the corner of the chunk</comment><next><block type=\"placement_heightmap\"><field name=\"heightmap\">MOTION_BLOCKING</field><comment pinned=\"false\" h=\"92\" w=\"165\">We then move the patches at the highest motion blocking block, so that they generate on the surface</comment><next><block type=\"placement_biome_filter\"><comment pinned=\"false\" h=\"80\" w=\"160\">We add a biome filter, so that the patches don't generate outside of the current biome</comment></block></next></block></next></block></next></block></next></block></xml>"
  }
}