{
  "_fv": 79,
  "_type": "achievement",
  "definition": {
    "achievementName": "The chase begins",
    "achievementDescription": "Transform a Snail into the Immortal Snail using a Totem of Undying",
    "achievementIcon": {
      "value": "CUSTOM:SnailShell"
    },
    "background": "Default",
    "disableDisplay": false,
    "showPopup": true,
    "announceToChat": true,
    "hideIfNotCompleted": false,
    "rewardLoot": [],
    "rewardRecipes": [],
    "rewardXP": 10,
    "achievementType": "goal",
    "parent": {
      "value": "husbandry/root"
    },
    "triggerxml": "<xml xmlns=\"https://developers.google.com/blockly/xml\"><block type=\"advancement_trigger\" deletable=\"false\" x=\"40\" y=\"80\"><next><block type=\"custom_trigger\"></block></next></block></xml>"
  }
}