{
  "_fv": 79,
  "_type": "livingentity",
  "definition": {
    "mobName": "Slug",
    "mobLabel": "",
    "mobModelName": "Modelslug",
    "mobModelTexture": "slug_tan.png",
    "transparentModelCondition": {
      "fixedValue": false
    },
    "isShakingCondition": {
      "fixedValue": false
    },
    "solidBoundingBox": {
      "fixedValue": false
    },
    "visualScale": {
      "fixedValue": 1.15
    },
    "boundingBoxScale": {
      "fixedValue": 1.0
    },
    "modelLayers": [
      {
        "model": "Default",
        "texture": "slug_tan.png",
        "disableHurtOverlay": false,
        "glow": false,
        "condition": {
          "name": "TanSlugDisplayCondition"
        }
      },
      {
        "model": "Default",
        "texture": "slug_red.png",
        "disableHurtOverlay": false,
        "glow": false,
        "condition": {
          "name": "BrownSlugDisplayCondition"
        }
      },
      {
        "model": "Default",
        "texture": "slug_black.png",
        "disableHurtOverlay": false,
        "glow": false,
        "condition": {
          "name": "BlackSlugDisplayCondition"
        }
      },
      {
        "model": "Default",
        "texture": "slug_green.png",
        "disableHurtOverlay": false,
        "glow": false,
        "condition": {
          "name": "RedSlugDisplayCondition"
        }
      }
    ],
    "animations": [
      {
        "animation": {
          "value": "CUSTOM:slugAnimation.actualidle"
        },
        "speed": 1.0,
        "condition": {
          "name": "IdleSnailPlaybackCondition"
        },
        "walking": false,
        "amplitude": 1.0
      },
      {
        "animation": {
          "value": "CUSTOM:slugAnimation.idle"
        },
        "speed": 1.0,
        "condition": {
          "name": "WalkSnailPlaybackCondition"
        },
        "walking": false,
        "amplitude": 1.0
      }
    ],
    "modelWidth": 0.5,
    "modelHeight": 0.30000000000000004,
    "modelShadowSize": 0.1,
    "mountedYOffset": 0.0,
    "hasSpawnEgg": true,
    "spawnEggBaseColor": {
      "value": -1,
      "falpha": 0.0
    },
    "spawnEggDotColor": {
      "value": -1,
      "falpha": 0.0
    },
    "spawnEggTexture": "slug_spawn_egg_2d",
    "creativeTabs": [
      {
        "value": "MISC"
      }
    ],
    "isBoss": false,
    "bossBarColor": "PINK",
    "bossBarType": "PROGRESS",
    "equipmentMainHand": {
      "value": ""
    },
    "equipmentOffHand": {
      "value": ""
    },
    "equipmentHelmet": {
      "value": ""
    },
    "equipmentBody": {
      "value": ""
    },
    "equipmentLeggings": {
      "value": ""
    },
    "equipmentBoots": {
      "value": ""
    },
    "mobBehaviourType": "Creature",
    "mobCreatureType": "UNDEFINED",
    "attackStrength": 3,
    "attackKnockback": 0.0,
    "knockbackResistance": 0.0,
    "movementSpeed": 0.08,
    "stepHeight": 0.6,
    "armorBaseValue": 0.0,
    "trackingRange": 64,
    "followRange": 16,
    "health": 8,
    "xpAmount": 1,
    "waterMob": false,
    "breatheUnderwater": {
      "fixedValue": false
    },
    "pushedByFluids": {
      "fixedValue": true
    },
    "flyingMob": false,
    "inventorySize": 9,
    "inventoryStackSize": 99,
    "disableCollisions": false,
    "ridable": false,
    "canControlForward": false,
    "canControlStrafe": false,
    "immuneToFire": false,
    "immuneToArrows": false,
    "immuneToFallDamage": false,
    "immuneToCactus": false,
    "immuneToDrowning": false,
    "immuneToLightning": false,
    "immuneToPotions": false,
    "immuneToPlayer": false,
    "immuneToExplosion": false,
    "immuneToTrident": false,
    "immuneToAnvil": false,
    "immuneToWither": false,
    "immuneToDragonBreath": false,
    "mobDrop": {
      "value": ""
    },
    "livingSound": {
      "value": ""
    },
    "hurtSound": {
      "value": "CUSTOM:slug_hurt"
    },
    "deathSound": {
      "value": "CUSTOM:slug_dies"
    },
    "stepSound": {
      "value": ""
    },
    "raidCelebrationSound": {
      "value": ""
    },
    "entityDataEntries": [
      {
        "min": -2147483648,
        "max": 2147483647,
        "name": "variant",
        "type": "integer",
        "value": 0
      },
      {
        "min": -2147483648,
        "max": 2147483647,
        "name": "eat_timer",
        "type": "integer",
        "value": 0
      },
      {
        "min": -2147483648,
        "max": 2147483647,
        "name": "breed_cooldown",
        "type": "integer",
        "value": 0
      },
      {
        "min": -2147483648,
        "max": 2147483647,
        "name": "baby",
        "type": "integer",
        "value": 0
      },
      {
        "min": -2147483648,
        "max": 2147483647,
        "name": "terrarium",
        "type": "integer",
        "value": 0
      }
    ],
    "onRightClickedOn": {
      "name": "SlugRightclickedOnEntity"
    },
    "onMobTickUpdate": {
      "name": "SlugOnEntityTickUpdate"
    },
    "onInitialSpawn": {
      "name": "SlugOnInitialEntitySpawn"
    },
    "hasAI": true,
    "aiBase": "(none)",
    "aixml": "<xml xmlns=\"https://developers.google.com/blockly/xml\"><block type=\"aitasks_container\" deletable=\"false\" x=\"40\" y=\"40\"><next><block type=\"breed\"><field name=\"speed\">1</field><field name=\"condition\">null,null</field><next><block type=\"avoid_entity\"><field name=\"entity\">EntityFrog</field><field name=\"radius\">10</field><field name=\"farspeed\">1</field><field name=\"nearspeed\">1.2</field><field name=\"condition\">null,null</field><next><block type=\"follow_item_in_hands\"><field name=\"speed\">1</field><field name=\"scared\">FALSE</field><field name=\"condition\">null,null</field><value name=\"item\"><block type=\"mcitem_all\"><field name=\"value\">Items.WHEAT_SEEDS</field></block></value><next><block type=\"follow_item_in_hands\"><field name=\"speed\">1</field><field name=\"scared\">FALSE</field><field name=\"condition\">null,null</field><value name=\"item\"><block type=\"mcitem_all\"><field name=\"value\">Items.PUMPKIN_SEEDS</field></block></value><next><block type=\"follow_item_in_hands\"><field name=\"speed\">1</field><field name=\"scared\">FALSE</field><field name=\"condition\">null,null</field><value name=\"item\"><block type=\"mcitem_all\"><field name=\"value\">Items.MELON_SEEDS</field></block></value><next><block type=\"follow_item_in_hands\"><field name=\"speed\">1</field><field name=\"scared\">FALSE</field><field name=\"condition\">null,null</field><value name=\"item\"><block type=\"mcitem_all\"><field name=\"value\">Items.BEETROOT_SEEDS</field></block></value><next><block type=\"follow_item_in_hands\"><field name=\"speed\">1</field><field name=\"scared\">FALSE</field><field name=\"condition\">null,null</field><value name=\"item\"><block type=\"mcitem_all\"><field name=\"value\">Blocks.LEAF_LITTER</field></block></value><next><block type=\"follow_item_in_hands\"><field name=\"speed\">1</field><field name=\"scared\">FALSE</field><field name=\"condition\">null,null</field><value name=\"item\"><block type=\"mcitem_all\"><field name=\"value\">Blocks.BROWN_MUSHROOM</field></block></value><next><block type=\"follow_item_in_hands\"><field name=\"speed\">1</field><field name=\"scared\">FALSE</field><field name=\"condition\">null,null</field><value name=\"item\"><block type=\"mcitem_all\"><field name=\"value\">Blocks.RED_MUSHROOM</field></block></value><next><block type=\"wander\"><field name=\"speed\">1</field><field name=\"condition\">null,null</field><next><block type=\"look_around\"><field name=\"condition\">null,null</field><next><block type=\"swim_in_water\"><field name=\"condition\">null,null</field></block></next></block></next></block></next></block></next></block></next></block></next></block></next></block></next></block></next></block></next></block></next></block></next></block></xml>",
    "breedable": true,
    "tameable": true,
    "breedTriggerItems": [
      {
        "value": "TAG:mod:calcium"
      }
    ],
    "ranged": false,
    "rangedAttackItem": {
      "value": ""
    },
    "rangedItemType": "Default item",
    "rangedAttackInterval": 20,
    "rangedAttackRadius": 10.0,
    "spawnThisMob": true,
    "doesDespawnWhenIdle": true,
    "spawningCondition": {
      "name": "SlugNaturalEntitySpawningCondition"
    },
    "spawningProbability": 20,
    "mobSpawningType": "creature",
    "minNumberOfMobsPerGroup": 2,
    "maxNumberOfMobsPerGroup": 4,
    "restrictionBiomes": [
      {
        "value": "#mod:snail_spawns"
      }
    ],
    "spawnInDungeons": false,
    "raidSpawnsCount": [
      4,
      3,
      3,
      4,
      4,
      4,
      2
    ],
    "sensitiveToVibration": false,
    "vibrationalEvents": [],
    "vibrationSensitivityRadius": {
      "fixedValue": 7.0
    }
  }
}