{
  "_fv": 79,
  "_type": "blockstates",
  "definition": {
    "block": "SnailShell",
    "blockstateList": [
      {
        "texture": "snail_shell_texture",
        "textureTop": "",
        "textureLeft": "",
        "textureFront": "",
        "textureRight": "",
        "textureBack": "",
        "particleTexture": "",
        "renderType": 2,
        "customModelName": "snail_shell_east:default",
        "luminance": 0,
        "boundingBoxes": [
          {
            "mx": 4.5,
            "my": 0.0,
            "mz": 4.5,
            "Mx": 11.5,
            "My": 5.0,
            "Mz": 11.5,
            "subtract": false
          }
        ]
      }
    ]
  }
}