{
  "_fv": 79,
  "_type": "biome",
  "definition": {
    "name": "Temperate Rainforest",
    "groundBlock": {
      "value": "Blocks.GRASS"
    },
    "undergroundBlock": {
      "value": "Blocks.DIRT#0"
    },
    "underwaterBlock": {
      "value": "Blocks.GRAVEL"
    },
    "grassColor": {
      "value": -9326509,
      "falpha": 0.0
    },
    "foliageColor": {
      "value": -10181302,
      "falpha": 0.0
    },
    "waterColor": {
      "value": -12555625,
      "falpha": 0.0
    },
    "waterFogColor": {
      "value": -14068872,
      "falpha": 0.0
    },
    "ambientSound": {
      "value": ""
    },
    "additionsSound": {
      "value": ""
    },
    "music": {
      "value": ""
    },
    "moodSound": {
      "value": ""
    },
    "moodSoundDelay": 6000,
    "spawnParticles": false,
    "particleToSpawn": {
      "value": "ASH"
    },
    "particlesProbability": 0.5,
    "rainingPossibility": 0.7000000000000001,
    "temperature": 0.8,
    "spawnBiome": true,
    "spawnInCaves": false,
    "spawnBiomeNether": false,
    "genTemperature": {
      "min": -0.5,
      "max": 0.6
    },
    "genHumidity": {
      "min": -0.5,
      "max": 0.5
    },
    "genContinentalness": {
      "min": -0.11,
      "max": 0.5
    },
    "genErosion": {
      "min": -0.3,
      "max": 0.45
    },
    "genWeirdness": {
      "min": -1.0,
      "max": 1.0
    },
    "treesPerChunk": 0,
    "vanillaTreeType": "Default",
    "treeType": 1,
    "minHeight": 7,
    "treeStem": {
      "value": "Blocks.LOG#0"
    },
    "treeBranch": {
      "value": "Blocks.LEAVES#0"
    },
    "treeVines": {
      "value": "Blocks.VINE"
    },
    "treeFruits": {
      "value": ""
    },
    "defaultFeatures": [
      "Caves",
      "Ores",
      "FrozenTopLayer",
      "JungleGrass",
      "TallSeagrassLush",
      "MonsterRooms",
      "ForestGrass",
      "PlainsTallGrass",
      "TaigaLargeFerns",
      "TaigaRocks",
      "SwampVegetation"
    ],
    "spawnStronghold": true,
    "spawnMineshaft": true,
    "spawnMineshaftMesa": false,
    "spawnPillagerOutpost": true,
    "villageType": "none",
    "spawnWoodlandMansion": false,
    "spawnJungleTemple": false,
    "spawnDesertPyramid": false,
    "spawnSwampHut": false,
    "spawnIgloo": false,
    "spawnOceanMonument": false,
    "spawnShipwreck": false,
    "spawnShipwreckBeached": false,
    "spawnBuriedTreasure": false,
    "oceanRuinType": "NONE",
    "spawnNetherBridge": false,
    "spawnNetherFossil": false,
    "spawnBastionRemnant": false,
    "spawnEndCity": false,
    "spawnRuinedPortal": "SWAMP",
    "spawnEntries": [
      {
        "entity": {
          "value": "EntityFrog"
        },
        "minGroup": 4,
        "maxGroup": 4,
        "weight": 10,
        "spawnType": "creature"
      },
      {
        "entity": {
          "value": "EntitySkeleton"
        },
        "minGroup": 1,
        "maxGroup": 2,
        "weight": 100,
        "spawnType": "monster"
      },
      {
        "entity": {
          "value": "EntityCreeper"
        },
        "minGroup": 1,
        "maxGroup": 1,
        "weight": 100,
        "spawnType": "monster"
      },
      {
        "entity": {
          "value": "EntityZombie"
        },
        "minGroup": 2,
        "maxGroup": 4,
        "weight": 100,
        "spawnType": "monster"
      },
      {
        "entity": {
          "value": "EntitySpider"
        },
        "minGroup": 1,
        "maxGroup": 1,
        "weight": 100,
        "spawnType": "monster"
      },
      {
        "entity": {
          "value": "EntityEnderman"
        },
        "minGroup": 1,
        "maxGroup": 1,
        "weight": 10,
        "spawnType": "monster"
      },
      {
        "entity": {
          "value": "EntityWitch"
        },
        "minGroup": 1,
        "maxGroup": 1,
        "weight": 5,
        "spawnType": "monster"
      },
      {
        "entity": {
          "value": "EntitySalmon"
        },
        "minGroup": 2,
        "maxGroup": 4,
        "weight": 25,
        "spawnType": "waterAmbient"
      },
      {
        "entity": {
          "value": "EntityCod"
        },
        "minGroup": 2,
        "maxGroup": 4,
        "weight": 25,
        "spawnType": "waterAmbient"
      },
      {
        "entity": {
          "value": "EntityBat"
        },
        "minGroup": 8,
        "maxGroup": 8,
        "weight": 10,
        "spawnType": "ambient"
      },
      {
        "entity": {
          "value": "EntityChicken"
        },
        "minGroup": 2,
        "maxGroup": 3,
        "weight": 10,
        "spawnType": "creature"
      },
      {
        "entity": {
          "value": "EntityWolf"
        },
        "minGroup": 2,
        "maxGroup": 4,
        "weight": 10,
        "spawnType": "creature"
      }
    ]
  }
}