{
  "_fv": 79,
  "_type": "feature",
  "definition": {
    "skipPlacement": false,
    "generationStep": "SURFACE_STRUCTURES",
    "restrictionBiomes": [
      {
        "value": "CUSTOM:TemperateRainforest"
      }
    ],
    "generateCondition": {
      "name": "TemperateRainforestTreeAdditionalGenerationCondition"
    },
    "featurexml": "<xml xmlns=\"https://developers.google.com/blockly/xml\"><block type=\"feature_container\" deletable=\"false\" x=\"40\" y=\"40\"><value name=\"feature\"><block type=\"feature_tree_simple\"><mutation xmlns=\"http://www.w3.org/1999/xhtml\" inputs=\"1\"></mutation><field name=\"type\">fancy oak</field><field name=\"base_height\">9</field><field name=\"height_variation_a\">4</field><field name=\"height_variation_b\">1</field><field name=\"force_dirt\">FALSE</field><field name=\"ignore_vines\">FALSE</field><comment pinned=\"false\" h=\"80\" w=\"160\">This block represents an oak tree with vines, and should generate during the VEGETAL_DECORATION stage</comment><value name=\"dirt\"><block type=\"blockstate_selector\"><mutation xmlns=\"http://www.w3.org/1999/xhtml\" inputs=\"0\"></mutation><field name=\"block\">Blocks.DIRT#0</field><comment pinned=\"false\" h=\"80\" w=\"160\">This is the block that will be placed under the trunk</comment></block></value><value name=\"trunk\"><block type=\"blockstate_selector\"><mutation xmlns=\"http://www.w3.org/1999/xhtml\" inputs=\"0\"></mutation><field name=\"block\">Blocks.LOG#0</field><comment pinned=\"false\" h=\"80\" w=\"160\">This is the block used for the trunk</comment></block></value><value name=\"foliage\"><block type=\"blockstate_selector\"><mutation xmlns=\"http://www.w3.org/1999/xhtml\" inputs=\"0\"></mutation><field name=\"block\">Blocks.LEAVES#0</field><comment pinned=\"false\" h=\"80\" w=\"160\">This is the block used for the leaves</comment></block></value><value name=\"root_placer\"><block type=\"root_placer_none\"><comment pinned=\"false\" h=\"80\" w=\"160\">Oak trees don't have roots</comment></block></value><value name=\"decorator0\"><block type=\"tree_decorator_leave_vine\"><field name=\"probability\">0.45</field><comment pinned=\"false\" h=\"80\" w=\"160\">Swamp trees generate with vines around the leaves</comment></block></value></block></value><next><block type=\"placement_count\"><value name=\"count\"><block type=\"int_provider_constant\"><field name=\"value\">150</field></block></value><next><block type=\"placement_in_square\"><next><block type=\"placement_height_uniform\"><comment pinned=\"false\" h=\"80\" w=\"160\">We pick a random height between the bottom of the world and Y=256</comment><value name=\"min\"><block type=\"vertical_anchor_above_bottom\"><field name=\"value\">0</field></block></value><value name=\"max\"><block type=\"vertical_anchor_absolute\"><field name=\"value\">256</field></block></value><next><block type=\"placement_biome_filter\"><comment pinned=\"false\" h=\"80\" w=\"160\">Don't generate the feature in the wrong biomes</comment></block></next></block></next></block></next></block></next></block><block type=\"feature_simple_random_selector\" x=\"988\" y=\"1\"><mutation xmlns=\"http://www.w3.org/1999/xhtml\" inputs=\"2\"></mutation><value name=\"feature0\"><block type=\"feature_custom_structure\"><field name=\"structure\">rainforest_tree1</field><field name=\"x\">-4</field><field name=\"y\">0</field><field name=\"z\">-4</field><field name=\"random_rotation\">FALSE</field><field name=\"random_mirror\">FALSE</field><value name=\"ignored_blocks\"><block type=\"block_holderset_list\"><mutation xmlns=\"http://www.w3.org/1999/xhtml\" inputs=\"1\"></mutation><field name=\"block0\">Blocks.AIR</field></block></value></block></value><value name=\"feature1\"><block type=\"feature_custom_structure\"><field name=\"structure\">rainforest_tree2</field><field name=\"x\">-3</field><field name=\"y\">0</field><field name=\"z\">-3</field><field name=\"random_rotation\">FALSE</field><field name=\"random_mirror\">FALSE</field><value name=\"ignored_blocks\"><block type=\"block_holderset_list\"><mutation xmlns=\"http://www.w3.org/1999/xhtml\" inputs=\"1\"></mutation><field name=\"block0\">Blocks.AIR</field></block></value></block></value></block><block type=\"placement_in_square\" x=\"386\" y=\"450\"><comment pinned=\"false\" h=\"80\" w=\"160\">We move the feature so that it doesn't generate in the corner</comment></block><block type=\"placement_offset\" x=\"961\" y=\"464\"><comment pinned=\"false\" h=\"80\" w=\"160\">We move the feature up by one block, so that it starts generating inside the solid block</comment><value name=\"xz\"><block type=\"int_provider_constant\"><field name=\"value\">0</field></block></value><value name=\"y\"><block type=\"int_provider_constant\"><field name=\"value\">-1</field></block></value></block></xml>"
  }
}