{
  "_fv": 79,
  "_type": "structure",
  "definition": {
    "structure": "thermal_geode",
    "projection": "rigid",
    "ignoredBlocks": [
      {
        "value": "Blocks.STRUCTURE_BLOCK"
      }
    ],
    "spacing": 6,
    "separation": 3,
    "restrictionBiomes": [
      {
        "value": "deep_lukewarm_ocean"
      },
      {
        "value": "desert"
      },
      {
        "value": "dripstone_caves"
      },
      {
        "value": "mutated_mesa"
      },
      {
        "value": "grove"
      },
      {
        "value": "jagged_peaks"
      },
      {
        "value": "jungle"
      },
      {
        "value": "lukewarm_ocean"
      },
      {
        "value": "lush_caves"
      },
      {
        "value": "mangrove_swamp"
      },
      {
        "value": "meadow"
      },
      {
        "value": "savanna"
      },
      {
        "value": "savanna_rock"
      },
      {
        "value": "stony_peaks"
      },
      {
        "value": "warm_ocean"
      },
      {
        "value": "mutated_extreme_hills"
      },
      {
        "value": "mountains"
      },
      {
        "value": "mutated_savanna"
      },
      {
        "value": "wooded_badlands_plateau"
      }
    ],
    "terrainAdaptation": "none",
    "generationStep": "UNDERGROUND_STRUCTURES",
    "surfaceDetectionType": "OCEAN_FLOOR",
    "useStartHeight": true,
    "startHeightProviderType": "UNIFORM",
    "startHeightMin": -50,
    "startHeightMax": 35,
    "size": 1,
    "maxDistanceFromCenter": 64,
    "jigsawPools": []
  }
}