{
  "_fv": 79,
  "_type": "livingentity",
  "definition": {
    "mobName": "Apple Snail",
    "mobLabel": "",
    "mobModelName": "Modelapple_snail",
    "mobModelTexture": "apple_snail.png",
    "transparentModelCondition": {
      "fixedValue": false
    },
    "isShakingCondition": {
      "fixedValue": false
    },
    "solidBoundingBox": {
      "fixedValue": false
    },
    "visualScale": {
      "fixedValue": 0.85
    },
    "boundingBoxScale": {
      "fixedValue": 1.0
    },
    "modelLayers": [
      {
        "model": "Default",
        "texture": "apple_snail.png",
        "disableHurtOverlay": false,
        "glow": false,
        "condition": {
          "name": "AppleSnailDisplayCondition"
        }
      },
      {
        "model": "Default",
        "texture": "mystery_snail.png",
        "disableHurtOverlay": false,
        "glow": false,
        "condition": {
          "name": "MysterySnailDisplayCondition"
        }
      }
    ],
    "animations": [
      {
        "animation": {
          "value": "CUSTOM:apple_snailAnimation.actualidle"
        },
        "speed": 1.0,
        "condition": {
          "name": "IdleAppleSnailPlaybackCondition"
        },
        "walking": false,
        "amplitude": 1.0
      },
      {
        "animation": {
          "value": "CUSTOM:apple_snailAnimation.idle"
        },
        "speed": 1.0,
        "condition": {
          "name": "WalkSnailPlaybackCondition"
        },
        "walking": false,
        "amplitude": 1.0
      },
      {
        "animation": {
          "value": "CUSTOM:apple_snailAnimation.hide"
        },
        "speed": 1.0,
        "condition": {
          "name": "HidingAppleSnailPlaybackCondition"
        },
        "walking": false,
        "amplitude": 1.0
      },
      {
        "animation": {
          "value": "CUSTOM:apple_snailAnimation.opening"
        },
        "speed": 1.0,
        "condition": {
          "name": "OpeningAppleSnailPlaybackCondition"
        },
        "walking": false,
        "amplitude": 1.0
      }
    ],
    "modelWidth": 0.30000000000000004,
    "modelHeight": 0.30000000000000004,
    "modelShadowSize": 0.1,
    "mountedYOffset": 0.0,
    "hasSpawnEgg": true,
    "spawnEggBaseColor": {
      "value": -1,
      "falpha": 0.0
    },
    "spawnEggDotColor": {
      "value": -1,
      "falpha": 0.0
    },
    "spawnEggTexture": "apple_snail_spawn_egg_2d",
    "creativeTabs": [
      {
        "value": "MISC"
      }
    ],
    "isBoss": false,
    "bossBarColor": "PINK",
    "bossBarType": "PROGRESS",
    "equipmentMainHand": {
      "value": ""
    },
    "equipmentOffHand": {
      "value": ""
    },
    "equipmentHelmet": {
      "value": ""
    },
    "equipmentBody": {
      "value": ""
    },
    "equipmentLeggings": {
      "value": ""
    },
    "equipmentBoots": {
      "value": ""
    },
    "mobBehaviourType": "Creature",
    "mobCreatureType": "UNDEFINED",
    "attackStrength": 3,
    "attackKnockback": 0.0,
    "knockbackResistance": 0.0,
    "movementSpeed": 0.1,
    "stepHeight": 0.6,
    "armorBaseValue": 0.0,
    "trackingRange": 640,
    "followRange": 16,
    "health": 8,
    "xpAmount": 1,
    "waterMob": false,
    "breatheUnderwater": {
      "fixedValue": true
    },
    "pushedByFluids": {
      "fixedValue": false
    },
    "flyingMob": false,
    "inventorySize": 9,
    "inventoryStackSize": 99,
    "disableCollisions": false,
    "ridable": false,
    "canControlForward": false,
    "canControlStrafe": false,
    "immuneToFire": false,
    "immuneToArrows": false,
    "immuneToFallDamage": false,
    "immuneToCactus": false,
    "immuneToDrowning": true,
    "immuneToLightning": false,
    "immuneToPotions": false,
    "immuneToPlayer": false,
    "immuneToExplosion": false,
    "immuneToTrident": false,
    "immuneToAnvil": false,
    "immuneToWither": false,
    "immuneToDragonBreath": false,
    "mobDrop": {
      "value": ""
    },
    "livingSound": {
      "value": ""
    },
    "hurtSound": {
      "value": "CUSTOM:snail_hurt"
    },
    "deathSound": {
      "value": "CUSTOM:snail_dies"
    },
    "stepSound": {
      "value": ""
    },
    "raidCelebrationSound": {
      "value": ""
    },
    "entityDataEntries": [
      {
        "min": -2147483648,
        "max": 2147483647,
        "name": "variant",
        "type": "integer",
        "value": 0
      },
      {
        "min": -2147483648,
        "max": 2147483647,
        "name": "hide",
        "type": "integer",
        "value": 0
      },
      {
        "min": -2147483648,
        "max": 2147483647,
        "name": "eat_timer",
        "type": "integer",
        "value": 0
      },
      {
        "min": -2147483648,
        "max": 2147483647,
        "name": "hide_timer",
        "type": "integer",
        "value": 0
      },
      {
        "min": -2147483648,
        "max": 2147483647,
        "name": "breed_cooldown",
        "type": "integer",
        "value": 0
      },
      {
        "min": -2147483648,
        "max": 2147483647,
        "name": "baby",
        "type": "integer",
        "value": 0
      }
    ],
    "whenMobIsHurt": {
      "name": "AppleSnailEntityIsHurt"
    },
    "onMobTickUpdate": {
      "name": "AppleSnailOnEntityTickUpdate"
    },
    "hasAI": true,
    "aiBase": "(none)",
    "aixml": "<xml xmlns=\"https://developers.google.com/blockly/xml\"><block type=\"aitasks_container\" deletable=\"false\" x=\"40\" y=\"40\"><next><block type=\"breed\"><field name=\"speed\">1</field><field name=\"condition\">null,null</field><next><block type=\"avoid_entity\"><field name=\"entity\">EntityFrog</field><field name=\"radius\">10</field><field name=\"farspeed\">1</field><field name=\"nearspeed\">1.2</field><field name=\"condition\">null,null</field><next><block type=\"avoid_entity\"><field name=\"entity\">EntityAxolotl</field><field name=\"radius\">10</field><field name=\"farspeed\">1</field><field name=\"nearspeed\">1.2</field><field name=\"condition\">null,null</field><next><block type=\"follow_item_in_hands\"><field name=\"speed\">1</field><field name=\"scared\">FALSE</field><field name=\"condition\">null,null</field><value name=\"item\"><block type=\"mcitem_all\"><field name=\"value\">Blocks.SEAGRASS</field></block></value><next><block type=\"follow_item_in_hands\"><field name=\"speed\">1</field><field name=\"scared\">FALSE</field><field name=\"condition\">null,null</field><value name=\"item\"><block type=\"mcitem_all\"><field name=\"value\">Blocks.KELP</field></block></value><next><block type=\"try_and_find_water\"><field name=\"condition\">null,null</field><next><block type=\"wander\"><field name=\"speed\">1</field><field name=\"condition\">null,null</field><next><block type=\"look_around\"><field name=\"condition\">null,null</field></block></next></block></next></block></next></block></next></block></next></block></next></block></next></block></next></block></xml>",
    "breedable": true,
    "tameable": false,
    "breedTriggerItems": [
      {
        "value": "TAG:gastropod_galore:sea_food"
      }
    ],
    "ranged": false,
    "rangedAttackItem": {
      "value": ""
    },
    "rangedItemType": "Default item",
    "rangedAttackInterval": 20,
    "rangedAttackRadius": 10.0,
    "spawnThisMob": true,
    "doesDespawnWhenIdle": true,
    "spawningCondition": {
      "name": "AppleSnailNaturalEntitySpawningCondition"
    },
    "spawningProbability": 300,
    "mobSpawningType": "waterCreature",
    "minNumberOfMobsPerGroup": 3,
    "maxNumberOfMobsPerGroup": 5,
    "restrictionBiomes": [],
    "spawnInDungeons": false,
    "raidSpawnsCount": [
      4,
      3,
      3,
      4,
      4,
      4,
      2
    ],
    "sensitiveToVibration": false,
    "vibrationalEvents": [],
    "vibrationSensitivityRadius": {
      "fixedValue": 7.0
    }
  }
}