{
  "_fv": 79,
  "_type": "achievement",
  "definition": {
    "achievementName": "OH HOT HOT HOT HOT!",
    "achievementDescription": "Get Attacked by a Volcanic Snail",
    "achievementIcon": {
      "value": "Blocks.MAGMA"
    },
    "background": "Default",
    "disableDisplay": false,
    "showPopup": true,
    "announceToChat": true,
    "hideIfNotCompleted": false,
    "rewardLoot": [],
    "rewardRecipes": [],
    "rewardXP": 0,
    "achievementType": "task",
    "parent": {
      "value": "CUSTOM:AttackedByMagmaSnail"
    },
    "triggerxml": "<xml xmlns=\"https://developers.google.com/blockly/xml\"><block type=\"advancement_trigger\" deletable=\"false\" x=\"40\" y=\"80\"><next><block type=\"entity_hurt_player\"><field name=\"sourceentity\">CUSTOM:VolcanicSnail</field><field name=\"blocked\">FALSE</field><value name=\"minDamage\"><block type=\"math_number\"><field name=\"NUM\">0</field></block></value><value name=\"maxDamage\"><block type=\"math_number\"><field name=\"NUM\">20</field></block></value></block></next></block></xml>"
  }
}