{
  "_fv": 79,
  "_type": "block",
  "definition": {
    "texture": "terrarium_jar",
    "textureTop": "",
    "textureLeft": "",
    "textureFront": "",
    "textureRight": "",
    "textureBack": "",
    "renderType": 2,
    "customModelName": "terrarium_banana_slug:default",
    "rotationMode": 1,
    "enablePitch": false,
    "emissiveRendering": false,
    "displayFluidOverlay": false,
    "animations": [],
    "itemTexture": "",
    "particleTexture": "minecraft:glass",
    "blockSetType": "OAK",
    "pottedPlant": {
      "value": ""
    },
    "tintType": "No tint",
    "isItemTinted": false,
    "hasTransparency": true,
    "connectedSides": false,
    "transparencyType": "CUTOUT_MIPPED",
    "disableOffset": false,
    "boundingBoxes": [
      {
        "mx": 1.0,
        "my": 0.0,
        "mz": 14.9,
        "Mx": 15.0,
        "My": 13.0,
        "Mz": 15.0,
        "subtract": false
      },
      {
        "mx": 1.0,
        "my": 0.0,
        "mz": 1.0,
        "Mx": 15.0,
        "My": 13.0,
        "Mz": 1.1,
        "subtract": false
      },
      {
        "mx": 1.0,
        "my": 12.9,
        "mz": 1.0,
        "Mx": 14.999,
        "My": 13.0,
        "Mz": 14.999,
        "subtract": false
      },
      {
        "mx": 1.0,
        "my": 0.0,
        "mz": 1.0,
        "Mx": 14.999,
        "My": 0.1,
        "Mz": 14.999,
        "subtract": false
      },
      {
        "mx": 14.9,
        "my": 0.0,
        "mz": 1.0,
        "Mx": 15.0,
        "My": 13.0,
        "Mz": 15.0,
        "subtract": false
      },
      {
        "mx": 1.0,
        "my": 0.0,
        "mz": 1.0,
        "Mx": 1.1,
        "My": 13.0,
        "Mz": 15.0,
        "subtract": false
      },
      {
        "mx": 2.0,
        "my": 13.0,
        "mz": 2.0,
        "Mx": 14.0,
        "My": 15.0,
        "Mz": 14.0,
        "subtract": false
      },
      {
        "mx": 2.5,
        "my": 13.0,
        "mz": 2.5,
        "Mx": 13.5,
        "My": 14.9,
        "Mz": 13.5,
        "subtract": false
      },
      {
        "mx": 1.0,
        "my": 14.6,
        "mz": 1.0,
        "Mx": 15.0,
        "My": 16.0,
        "Mz": 15.0,
        "subtract": false
      },
      {
        "mx": 1.1,
        "my": 0.1,
        "mz": 1.1,
        "Mx": 14.9,
        "My": 2.1,
        "Mz": 14.9,
        "subtract": false
      }
    ],
    "customProperties": [],
    "name": "Banana Slug in a Terrarium",
    "specialInformation": {
      "fixedValue": []
    },
    "hardness": 1.0,
    "resistance": 10.0,
    "hasGravity": false,
    "isWaterloggable": false,
    "hasBlockItem": true,
    "maxStackSize": 1,
    "rarity": "COMMON",
    "immuneToFire": false,
    "creativeTabs": [
      {
        "value": "TOOLS"
      }
    ],
    "destroyTool": "pickaxe",
    "customDrop": {
      "value": ""
    },
    "dropAmount": 1,
    "xpAmountMin": 0,
    "xpAmountMax": 0,
    "useLootTableForDrops": false,
    "requiresCorrectTool": false,
    "enchantPowerBonus": 0.0,
    "plantsGrowOn": false,
    "canRedstoneConnect": false,
    "lightOpacity": 0,
    "tickRate": 0,
    "tickRandomly": false,
    "isReplaceable": false,
    "canProvidePower": false,
    "emittedRedstonePower": {
      "fixedValue": 15.0
    },
    "colorOnMap": "DEFAULT",
    "noteBlockInstrument": "harp",
    "creativePickItem": {
      "value": ""
    },
    "offsetType": "NONE",
    "aiPathNodeType": "DEFAULT",
    "strippingResult": {
      "value": ""
    },
    "ignitedByLava": false,
    "flammability": 0,
    "fireSpreadSpeed": 0,
    "isLadder": false,
    "slipperiness": 0.6,
    "speedFactor": 1.0,
    "jumpFactor": 1.0,
    "reactionToPushing": "PUSH_ONLY",
    "isNotColidable": false,
    "isCustomSoundType": false,
    "soundOnStep": {
      "value": "GLASS"
    },
    "breakSound": {
      "value": ""
    },
    "fallSound": {
      "value": ""
    },
    "hitSound": {
      "value": ""
    },
    "placeSound": {
      "value": ""
    },
    "stepSound": {
      "value": ""
    },
    "luminance": 0,
    "unbreakable": false,
    "vanillaToolTier": "NONE",
    "isBonemealable": false,
    "sensitiveToVibration": false,
    "vibrationalEvents": [],
    "vibrationSensitivityRadius": {
      "fixedValue": 7.0
    },
    "hasInventory": false,
    "openGUIOnRightClick": false,
    "inventorySize": 9,
    "inventoryStackSize": 99,
    "inventoryDropWhenDestroyed": true,
    "inventoryComparatorPower": true,
    "inventoryOutSlotIDs": [],
    "inventoryInSlotIDs": [],
    "hasEnergyStorage": false,
    "energyInitial": 0,
    "energyCapacity": 400000,
    "energyMaxReceive": 200,
    "energyMaxExtract": 200,
    "isFluidTank": false,
    "fluidCapacity": 8000,
    "fluidRestrictions": [],
    "onRightClicked": {
      "name": "BananaSlugTerrariumOnBlockRightclicked"
    },
    "onBlockPlayedBy": {
      "name": "BananaSlugTerrariumBlockIsPlacedBy"
    },
    "generateFeature": false,
    "restrictionBiomes": [],
    "blocksToReplace": [
      {
        "value": "TAG:stone_ore_replaceables"
      }
    ],
    "generationShape": "UNIFORM",
    "frequencyPerChunks": 10,
    "frequencyOnChunk": 16,
    "minGenerateHeight": 0,
    "maxGenerateHeight": 64
  }
}