{
  "_fv": 79,
  "_type": "procedure",
  "definition": {
    "procedurexml": "<xml xmlns=\"https://developers.google.com/blockly/xml\"><block type=\"event_trigger\" deletable=\"false\" x=\"40\" y=\"40\"><field name=\"trigger\">no_ext_trigger</field><next><block type=\"block_set_blockstate\"><value name=\"x\"><block type=\"coord_x\"></block></value><value name=\"y\"><block type=\"coord_y\"></block></value><value name=\"z\"><block type=\"coord_z\"></block></value><value name=\"value\"><block type=\"math_number\"><field name=\"NUM\">1</field></block></value><next><block type=\"controls_if\"><value name=\"IF0\"><block type=\"logic_negate\"><value name=\"BOOL\"><block type=\"math_binary_ops\"><field name=\"OP\">GTE</field><value name=\"A\"><block type=\"entity_data_integer_get\" inline=\"false\"><field name=\"customEntity\">CUSTOM:BananaSlug</field><field name=\"accessor\">terrarium</field><value name=\"entity\"><block type=\"world_entity_inrange\" inline=\"false\"><field name=\"entity\">CUSTOM:BananaSlug</field><value name=\"x\"><block type=\"math_dual_ops\"><field name=\"OP\">ADD</field><value name=\"A\"><block type=\"coord_x\"></block></value><value name=\"B\"><block type=\"math_number\"><field name=\"NUM\">0.5</field></block></value></block></value><value name=\"y\"><block type=\"coord_y\"></block></value><value name=\"z\"><block type=\"math_dual_ops\"><field name=\"OP\">ADD</field><value name=\"A\"><block type=\"coord_z\"></block></value><value name=\"B\"><block type=\"math_number\"><field name=\"NUM\">0.5</field></block></value></block></value><value name=\"range\"><block type=\"math_number\"><field name=\"NUM\">1</field></block></value></block></value></block></value><value name=\"B\"><block type=\"math_number\"><field name=\"NUM\">1</field></block></value></block></value></block></value><statement name=\"DO0\"><block type=\"spawn_entity\"><field name=\"entity\">CUSTOM:BananaSlug</field><value name=\"x\"><block type=\"coord_x\"></block></value><value name=\"y\"><block type=\"math_dual_ops\"><field name=\"OP\">ADD</field><value name=\"A\"><block type=\"coord_y\"></block></value><value name=\"B\"><block type=\"math_number\"><field name=\"NUM\">0.25</field></block></value></block></value><value name=\"z\"><block type=\"coord_z\"></block></value><next><block type=\"world_entity_inrange_foreach\"><value name=\"_placeholder\"><block type=\"entity_iterator\"></block></value><value name=\"x\"><block type=\"math_dual_ops\"><field name=\"OP\">ADD</field><value name=\"A\"><block type=\"coord_x\"></block></value><value name=\"B\"><block type=\"math_number\"><field name=\"NUM\">0.5</field></block></value></block></value><value name=\"y\"><block type=\"math_dual_ops\"><field name=\"OP\">ADD</field><value name=\"A\"><block type=\"coord_y\"></block></value><value name=\"B\"><block type=\"math_number\"><field name=\"NUM\">0.25</field></block></value></block></value><value name=\"z\"><block type=\"math_dual_ops\"><field name=\"OP\">ADD</field><value name=\"A\"><block type=\"coord_z\"></block></value><value name=\"B\"><block type=\"math_number\"><field name=\"NUM\">0.5</field></block></value></block></value><value name=\"range\"><block type=\"math_number\"><field name=\"NUM\">0.35</field></block></value><statement name=\"foreach\"><block type=\"controls_if\"><value name=\"IF0\"><block type=\"logic_entity_compare\"><field name=\"entity\">CUSTOM:BananaSlug</field><value name=\"compareTo\"><block type=\"entity_iterator\"></block></value></block></value><statement name=\"DO0\"><block type=\"entity_data_integer_set\"><field name=\"customEntity\">CUSTOM:BananaSlug</field><field name=\"accessor\">terrarium</field><value name=\"entity\"><block type=\"entity_iterator\"></block></value><value name=\"value\"><block type=\"math_number\"><field name=\"NUM\">1</field></block></value><next><block type=\"entity_set_attribute_base_value\"><field name=\"attribute\">SCALE</field><value name=\"value\"><block type=\"math_number\"><field name=\"NUM\">0.5</field></block></value><value name=\"entity\"><block type=\"entity_iterator\"></block></value><next><block type=\"entity_set_attribute_base_value\"><field name=\"attribute\">MOVEMENT_SPEED</field><value name=\"value\"><block type=\"math_number\"><field name=\"NUM\">0.005</field></block></value><value name=\"entity\"><block type=\"entity_iterator\"></block></value><next><block type=\"entity_set_attribute_base_value\"><field name=\"attribute\">JUMP_STRENGTH</field><value name=\"value\"><block type=\"math_number\"><field name=\"NUM\">0</field></block></value><value name=\"entity\"><block type=\"entity_iterator\"></block></value><next><block type=\"move_entity\"><value name=\"entity\"><block type=\"entity_iterator\"></block></value><value name=\"x\"><block type=\"math_dual_ops\"><field name=\"OP\">ADD</field><value name=\"A\"><block type=\"coord_x\"></block></value><value name=\"B\"><block type=\"math_number\"><field name=\"NUM\">0.5</field></block></value></block></value><value name=\"y\"><block type=\"math_dual_ops\"><field name=\"OP\">ADD</field><value name=\"A\"><block type=\"coord_y\"></block></value><value name=\"B\"><block type=\"math_number\"><field name=\"NUM\">0.25</field></block></value></block></value><value name=\"z\"><block type=\"math_dual_ops\"><field name=\"OP\">ADD</field><value name=\"A\"><block type=\"coord_z\"></block></value><value name=\"B\"><block type=\"math_number\"><field name=\"NUM\">0.5</field></block></value></block></value></block></next></block></next></block></next></block></next></block></statement></block></statement></block></next></block></statement></block></next></block></next></block></xml>",
    "skipDependencyNullCheck": false
  }
}