{
  "_fv": 79,
  "_type": "procedure",
  "definition": {
    "procedurexml": "<xml xmlns=\"https://developers.google.com/blockly/xml\"><block type=\"event_trigger\" deletable=\"false\" x=\"40\" y=\"40\"><field name=\"trigger\">no_ext_trigger</field><next><block type=\"controls_if\"><value name=\"IF0\"><block type=\"compare_mcitems\"><value name=\"a\"><block type=\"itemstack_to_mcitem\"></block></value><value name=\"b\"><block type=\"mcitem_all\"><field name=\"value\">Items.GOLDEN_APPLE#1</field></block></value></block></value><statement name=\"DO0\"><block type=\"itemstack_set_count\"><value name=\"item\"><block type=\"itemstack_to_mcitem\"></block></value><value name=\"amount\"><block type=\"math_dual_ops\"><field name=\"OP\">MINUS</field><value name=\"A\"><block type=\"itemstack_get_count\"><value name=\"item\"><block type=\"itemstack_to_mcitem\"></block></value></block></value><value name=\"B\"><block type=\"math_number\"><field name=\"NUM\">1</field></block></value></block></value><next><block type=\"controls_repeat_ext\"><value name=\"TIMES\"><block type=\"math_random_number_between\"><value name=\"min\"><block type=\"math_number\"><field name=\"NUM\">3</field></block></value><value name=\"max\"><block type=\"math_number\"><field name=\"NUM\">5</field></block></value></block></value><statement name=\"DO\"><block type=\"strike_lightning\"><field name=\"effectOnly\">TRUE</field><value name=\"x\"><block type=\"coord_x\"></block></value><value name=\"y\"><block type=\"coord_y\"></block></value><value name=\"z\"><block type=\"coord_z\"></block></value></block></statement><next><block type=\"entity_data_integer_set\"><field name=\"customEntity\">CUSTOM:ImmortalSnail</field><field name=\"accessor\">immortality</field><value name=\"entity\"><block type=\"entity_from_deps\"></block></value><value name=\"value\"><block type=\"math_dual_ops\"><field name=\"OP\">ADD</field><value name=\"A\"><block type=\"entity_data_integer_get\" collapsed=\"true\"><field name=\"customEntity\">CUSTOM:ImmortalSnail</field><field name=\"accessor\">immortality</field><value name=\"entity\"><block type=\"entity_from_deps\"></block></value></block></value><value name=\"B\"><block type=\"math_number\"><field name=\"NUM\">1200</field></block></value></block></value></block></next></block></next></block></statement></block></next></block><block type=\"entity_add_achievement\" x=\"849\" y=\"348\"><field name=\"achievement\">CUSTOM:ImmortalSnailDefeatedBadEnding</field><value name=\"entity\"><block type=\"source_entity_from_deps\"></block></value></block><block type=\"controls_if\" x=\"533\" y=\"465\"><mutation else=\"1\"></mutation><value name=\"IF0\"><block type=\"logic_negate\"><value name=\"BOOL\"><block type=\"world_data_checkdifficulty\"><field name=\"difficulty\">HARD</field></block></value></block></value><statement name=\"ELSE\"><block type=\"controls_if\"><value name=\"IF0\"><block type=\"compare_mcitems\"><value name=\"a\"><block type=\"itemstack_to_mcitem\"></block></value><value name=\"b\"><block type=\"mcitem_all\"><field name=\"value\">Items.GOLDEN_APPLE#1</field></block></value></block></value><statement name=\"DO0\"><block type=\"itemstack_set_count\"><value name=\"item\"><block type=\"itemstack_to_mcitem\"></block></value><value name=\"amount\"><block type=\"math_dual_ops\"><field name=\"OP\">MINUS</field><value name=\"A\"><block type=\"itemstack_get_count\"><value name=\"item\"><block type=\"itemstack_to_mcitem\"></block></value></block></value><value name=\"B\"><block type=\"math_number\"><field name=\"NUM\">1</field></block></value></block></value><next><block type=\"controls_repeat_ext\"><value name=\"TIMES\"><block type=\"math_random_number_between\"><value name=\"min\"><block type=\"math_number\"><field name=\"NUM\">3</field></block></value><value name=\"max\"><block type=\"math_number\"><field name=\"NUM\">5</field></block></value></block></value><statement name=\"DO\"><block type=\"strike_lightning\"><field name=\"effectOnly\">FALSE</field><value name=\"x\"><block type=\"coord_x\"></block></value><value name=\"y\"><block type=\"coord_y\"></block></value><value name=\"z\"><block type=\"coord_z\"></block></value></block></statement><next><block type=\"spawn_gem\"><field name=\"despawn\">FALSE</field><value name=\"block\"><block type=\"mcitem_all\"><field name=\"value\">CUSTOM:SnailShell</field></block></value><value name=\"x\"><block type=\"coord_x\"></block></value><value name=\"y\"><block type=\"coord_y\"></block></value><value name=\"z\"><block type=\"coord_z\"></block></value><value name=\"pickUpDelay\"><block type=\"math_number\"><field name=\"NUM\">10</field></block></value><next><block type=\"entity_add_achievement\"><field name=\"achievement\">CUSTOM:ImmortalSnailDefeatedBadEnding</field><value name=\"entity\"><block type=\"source_entity_from_deps\"></block></value></block></next></block></next></block></next></block></statement></block></statement></block></xml>",
    "skipDependencyNullCheck": false
  }
}