{
  "_fv": 79,
  "_type": "achievement",
  "definition": {
    "achievementName": "I Always Come back",
    "achievementDescription": "\"Kill\" the Immortal Snail",
    "achievementIcon": {
      "value": "CUSTOM:SnailShell"
    },
    "background": "Default",
    "disableDisplay": false,
    "showPopup": true,
    "announceToChat": true,
    "hideIfNotCompleted": true,
    "rewardLoot": [],
    "rewardRecipes": [],
    "rewardXP": 0,
    "achievementType": "task",
    "parent": {
      "value": "adventure/root"
    },
    "triggerxml": "<xml xmlns=\"https://developers.google.com/blockly/xml\"><block type=\"advancement_trigger\" deletable=\"false\" x=\"40\" y=\"80\"><next><block type=\"custom_trigger\"></block></next></block></xml>"
  }
}