{
  "_fv": 79,
  "_type": "procedure",
  "definition": {
    "procedurexml": "<xml xmlns=\"https://developers.google.com/blockly/xml\"><block type=\"event_trigger\" deletable=\"false\" x=\"83\" y=\"49\"><field name=\"trigger\">entity_ticks</field><next><block type=\"controls_if\"><value name=\"IF0\"><block type=\"logic_entity_compare\"><field name=\"entity\">CUSTOM:MossySnail</field><value name=\"compareTo\"><block type=\"entity_from_deps\"></block></value></block></value><statement name=\"DO0\"><block type=\"controls_if\"><value name=\"IF0\"><block type=\"logic_binary_ops\" inline=\"false\"><field name=\"OP\">AND</field><value name=\"A\"><block type=\"math_binary_ops\"><field name=\"OP\">EQ</field><value name=\"A\"><block type=\"entity_data_integer_get\"><field name=\"customEntity\">CUSTOM:MossySnail</field><field name=\"accessor\">baby</field><value name=\"entity\"><block type=\"entity_from_deps\"></block></value></block></value><value name=\"B\"><block type=\"math_number\"><field name=\"NUM\">1</field></block></value></block></value><value name=\"B\"><block type=\"logic_negate\"><value name=\"BOOL\"><block type=\"entity_ischild\"><value name=\"entity\"><block type=\"entity_from_deps\"></block></value></block></value></block></value></block></value><statement name=\"DO0\"><block type=\"spawn_gem\"><field name=\"despawn\">TRUE</field><value name=\"block\"><block type=\"mcitem_all\"><field name=\"value\">CUSTOM:MossySnailShell</field></block></value><value name=\"x\"><block type=\"coord_x\"></block></value><value name=\"y\"><block type=\"coord_y\"></block></value><value name=\"z\"><block type=\"coord_z\"></block></value><value name=\"pickUpDelay\"><block type=\"math_number\"><field name=\"NUM\">10</field></block></value><next><block type=\"entity_data_integer_set\"><field name=\"customEntity\">CUSTOM:MossySnail</field><field name=\"accessor\">baby</field><value name=\"entity\"><block type=\"entity_from_deps\"></block></value><value name=\"value\"><block type=\"math_number\"><field name=\"NUM\">0</field></block></value></block></next></block></statement></block></statement></block></next></block><block type=\"controls_if\" x=\"685\" y=\"215\"><mutation elseif=\"2\" else=\"1\"></mutation><value name=\"IF0\"><block type=\"math_binary_ops\"><field name=\"OP\">EQ</field><value name=\"A\"><block type=\"entity_data_integer_get\"><field name=\"customEntity\">CUSTOM:MossySnail</field><field name=\"accessor\">variant</field><value name=\"entity\"><block type=\"entity_from_deps\"></block></value></block></value><value name=\"B\"><block type=\"math_number\"><field name=\"NUM\">1</field></block></value></block></value><statement name=\"DO0\"><block type=\"spawn_gem\"><field name=\"despawn\">TRUE</field><value name=\"block\"><block type=\"mcitem_all\"><field name=\"value\">CUSTOM:MossySnailShell2</field></block></value><value name=\"x\"><block type=\"coord_x\"></block></value><value name=\"y\"><block type=\"coord_y\"></block></value><value name=\"z\"><block type=\"coord_z\"></block></value><value name=\"pickUpDelay\"><block type=\"math_number\"><field name=\"NUM\">10</field></block></value></block></statement><value name=\"IF1\"><block type=\"math_binary_ops\"><field name=\"OP\">EQ</field><value name=\"A\"><block type=\"entity_data_integer_get\"><field name=\"customEntity\">CUSTOM:MossySnail</field><field name=\"accessor\">variant</field><value name=\"entity\"><block type=\"entity_from_deps\"></block></value></block></value><value name=\"B\"><block type=\"math_number\"><field name=\"NUM\">2</field></block></value></block></value><statement name=\"DO1\"><block type=\"spawn_gem\"><field name=\"despawn\">TRUE</field><value name=\"block\"><block type=\"mcitem_all\"><field name=\"value\">CUSTOM:MossySnailShell3</field></block></value><value name=\"x\"><block type=\"coord_x\"></block></value><value name=\"y\"><block type=\"coord_y\"></block></value><value name=\"z\"><block type=\"coord_z\"></block></value><value name=\"pickUpDelay\"><block type=\"math_number\"><field name=\"NUM\">10</field></block></value></block></statement><value name=\"IF2\"><block type=\"math_binary_ops\"><field name=\"OP\">EQ</field><value name=\"A\"><block type=\"entity_data_integer_get\"><field name=\"customEntity\">CUSTOM:MossySnail</field><field name=\"accessor\">variant</field><value name=\"entity\"><block type=\"entity_from_deps\"></block></value></block></value><value name=\"B\"><block type=\"math_number\"><field name=\"NUM\">3</field></block></value></block></value><statement name=\"DO2\"><block type=\"spawn_gem\"><field name=\"despawn\">TRUE</field><value name=\"block\"><block type=\"mcitem_all\"><field name=\"value\">CUSTOM:MossySnailShell1</field></block></value><value name=\"x\"><block type=\"coord_x\"></block></value><value name=\"y\"><block type=\"coord_y\"></block></value><value name=\"z\"><block type=\"coord_z\"></block></value><value name=\"pickUpDelay\"><block type=\"math_number\"><field name=\"NUM\">10</field></block></value></block></statement></block></xml>",
    "skipDependencyNullCheck": false
  }
}