{
  "_fv": 79,
  "_type": "procedure",
  "definition": {
    "procedurexml": "<xml xmlns=\"https://developers.google.com/blockly/xml\"><block type=\"event_trigger\" deletable=\"false\" x=\"90\" y=\"148\"><field name=\"trigger\">no_ext_trigger</field></block><block type=\"controls_if\" x=\"156\" y=\"277\"><value name=\"IF0\"><block type=\"logic_negate\"><value name=\"BOOL\"><block type=\"entity_ischild\"><value name=\"entity\"><block type=\"entity_from_deps\"></block></value></block></value></block></value><statement name=\"DO0\"><block type=\"controls_if\"><value name=\"IF0\"><block type=\"math_binary_ops\"><field name=\"OP\">LTE</field><value name=\"A\"><block type=\"math_java_constants\"><field name=\"CONSTANT\">RANDOM</field></block></value><value name=\"B\"><block type=\"math_number\"><field name=\"NUM\">0.33</field></block></value></block></value><statement name=\"DO0\"><block type=\"controls_if\"><mutation elseif=\"2\" else=\"1\"></mutation><value name=\"IF0\"><block type=\"math_binary_ops\"><field name=\"OP\">EQ</field><value name=\"A\"><block type=\"entity_data_integer_get\"><field name=\"customEntity\">CUSTOM:MossySnail</field><field name=\"accessor\">variant</field><value name=\"entity\"><block type=\"entity_from_deps\"></block></value></block></value><value name=\"B\"><block type=\"math_number\"><field name=\"NUM\">1</field></block></value></block></value><statement name=\"DO0\"><block type=\"spawn_gem\"><field name=\"despawn\">TRUE</field><value name=\"block\"><block type=\"mcitem_all\"><field name=\"value\">CUSTOM:MossySnailShell2</field></block></value><value name=\"x\"><block type=\"coord_x\"></block></value><value name=\"y\"><block type=\"coord_y\"></block></value><value name=\"z\"><block type=\"coord_z\"></block></value><value name=\"pickUpDelay\"><block type=\"math_number\"><field name=\"NUM\">10</field></block></value></block></statement><value name=\"IF1\"><block type=\"math_binary_ops\"><field name=\"OP\">EQ</field><value name=\"A\"><block type=\"entity_data_integer_get\"><field name=\"customEntity\">CUSTOM:MossySnail</field><field name=\"accessor\">variant</field><value name=\"entity\"><block type=\"entity_from_deps\"></block></value></block></value><value name=\"B\"><block type=\"math_number\"><field name=\"NUM\">2</field></block></value></block></value><statement name=\"DO1\"><block type=\"spawn_gem\"><field name=\"despawn\">TRUE</field><value name=\"block\"><block type=\"mcitem_all\"><field name=\"value\">CUSTOM:MossySnailShell3</field></block></value><value name=\"x\"><block type=\"coord_x\"></block></value><value name=\"y\"><block type=\"coord_y\"></block></value><value name=\"z\"><block type=\"coord_z\"></block></value><value name=\"pickUpDelay\"><block type=\"math_number\"><field name=\"NUM\">10</field></block></value></block></statement><value name=\"IF2\"><block type=\"math_binary_ops\"><field name=\"OP\">EQ</field><value name=\"A\"><block type=\"entity_data_integer_get\"><field name=\"customEntity\">CUSTOM:MossySnail</field><field name=\"accessor\">variant</field><value name=\"entity\"><block type=\"entity_from_deps\"></block></value></block></value><value name=\"B\"><block type=\"math_number\"><field name=\"NUM\">3</field></block></value></block></value><statement name=\"DO2\"><block type=\"spawn_gem\"><field name=\"despawn\">TRUE</field><value name=\"block\"><block type=\"mcitem_all\"><field name=\"value\">CUSTOM:MossySnailShell1</field></block></value><value name=\"x\"><block type=\"coord_x\"></block></value><value name=\"y\"><block type=\"coord_y\"></block></value><value name=\"z\"><block type=\"coord_z\"></block></value><value name=\"pickUpDelay\"><block type=\"math_number\"><field name=\"NUM\">10</field></block></value></block></statement><statement name=\"ELSE\"><block type=\"spawn_gem\"><field name=\"despawn\">TRUE</field><value name=\"block\"><block type=\"mcitem_all\"><field name=\"value\">CUSTOM:MossySnailShell</field></block></value><value name=\"x\"><block type=\"coord_x\"></block></value><value name=\"y\"><block type=\"coord_y\"></block></value><value name=\"z\"><block type=\"coord_z\"></block></value><value name=\"pickUpDelay\"><block type=\"math_number\"><field name=\"NUM\">10</field></block></value></block></statement></block></statement></block></statement></block></xml>",
    "skipDependencyNullCheck": false
  }
}