{
  "_fv": 79,
  "_type": "procedure",
  "definition": {
    "procedurexml": "<xml xmlns=\"https://developers.google.com/blockly/xml\"><block type=\"event_trigger\" deletable=\"false\" x=\"48\" y=\"69\"><field name=\"trigger\">no_ext_trigger</field><next><block type=\"controls_if\"><value name=\"IF0\"><block type=\"entity_ischild\"><value name=\"entity\"><block type=\"entity_from_deps\"></block></value></block></value><statement name=\"DO0\"><block type=\"entity_data_integer_set\"><field name=\"customEntity\">CUSTOM:MossySnail</field><field name=\"accessor\">baby</field><value name=\"entity\"><block type=\"entity_from_deps\"></block></value><value name=\"value\"><block type=\"math_number\"><field name=\"NUM\">1</field></block></value></block></statement><next><block type=\"controls_if\"><mutation elseif=\"2\" else=\"1\"></mutation><value name=\"IF0\"><block type=\"math_binary_ops\"><field name=\"OP\">LT</field><value name=\"A\"><block type=\"math_java_constants\"><field name=\"CONSTANT\">RANDOM</field></block></value><value name=\"B\"><block type=\"math_number\"><field name=\"NUM\">0.4</field></block></value></block></value><statement name=\"DO0\"><block type=\"entity_data_integer_set\"><field name=\"customEntity\">CUSTOM:MossySnail</field><field name=\"accessor\">variant</field><value name=\"entity\"><block type=\"entity_from_deps\"></block></value><value name=\"value\"><block type=\"math_number\"><field name=\"NUM\">0</field></block></value></block></statement><value name=\"IF1\"><block type=\"math_binary_ops\"><field name=\"OP\">LT</field><value name=\"A\"><block type=\"math_java_constants\"><field name=\"CONSTANT\">RANDOM</field></block></value><value name=\"B\"><block type=\"math_number\"><field name=\"NUM\">0.6</field></block></value></block></value><statement name=\"DO1\"><block type=\"entity_data_integer_set\"><field name=\"customEntity\">CUSTOM:MossySnail</field><field name=\"accessor\">variant</field><value name=\"entity\"><block type=\"entity_from_deps\"></block></value><value name=\"value\"><block type=\"math_number\"><field name=\"NUM\">1</field></block></value></block></statement><value name=\"IF2\"><block type=\"math_binary_ops\"><field name=\"OP\">LT</field><value name=\"A\"><block type=\"math_java_constants\"><field name=\"CONSTANT\">RANDOM</field></block></value><value name=\"B\"><block type=\"math_number\"><field name=\"NUM\">0.8</field></block></value></block></value><statement name=\"DO2\"><block type=\"entity_data_integer_set\"><field name=\"customEntity\">CUSTOM:MossySnail</field><field name=\"accessor\">variant</field><value name=\"entity\"><block type=\"entity_from_deps\"></block></value><value name=\"value\"><block type=\"math_number\"><field name=\"NUM\">2</field></block></value></block></statement><statement name=\"ELSE\"><block type=\"entity_data_integer_set\"><field name=\"customEntity\">CUSTOM:MossySnail</field><field name=\"accessor\">variant</field><value name=\"entity\"><block type=\"entity_from_deps\"></block></value><value name=\"value\"><block type=\"math_number\"><field name=\"NUM\">3</field></block></value></block></statement></block></next></block></next></block></xml>",
    "skipDependencyNullCheck": false
  }
}