{
  "_fv": 79,
  "_type": "block",
  "definition": {
    "texture": "green_large_snail_texture_block",
    "textureTop": "",
    "textureLeft": "",
    "textureFront": "",
    "textureRight": "",
    "textureBack": "",
    "renderType": 2,
    "customModelName": "mossy_snail_shell_block3:default",
    "rotationMode": 1,
    "enablePitch": false,
    "emissiveRendering": false,
    "displayFluidOverlay": false,
    "animations": [],
    "itemTexture": "mossy_snail_shell_green",
    "particleTexture": "",
    "blockSetType": "OAK",
    "pottedPlant": {
      "value": ""
    },
    "tintType": "No tint",
    "isItemTinted": false,
    "hasTransparency": true,
    "connectedSides": false,
    "transparencyType": "SOLID",
    "disableOffset": false,
    "boundingBoxes": [
      {
        "mx": 4.4,
        "my": 0.0,
        "mz": 2.6,
        "Mx": 11.6,
        "My": 10.8,
        "Mz": 13.4,
        "subtract": false
      }
    ],
    "customProperties": [
      {
        "name": "CUSTOM:placed",
        "type": "logic",
        "value": false
      },
      {
        "name": "CUSTOM:place",
        "type": "logic",
        "value": false
      }
    ],
    "name": "Mossy Snail Shell",
    "specialInformation": {
      "fixedValue": []
    },
    "hardness": 1.0,
    "resistance": 10.0,
    "hasGravity": false,
    "isWaterloggable": false,
    "hasBlockItem": false,
    "maxStackSize": 64,
    "rarity": "COMMON",
    "immuneToFire": false,
    "creativeTabs": [
      {
        "value": "MATERIALS"
      }
    ],
    "destroyTool": "pickaxe",
    "customDrop": {
      "value": ""
    },
    "dropAmount": 1,
    "xpAmountMin": 0,
    "xpAmountMax": 0,
    "useLootTableForDrops": false,
    "requiresCorrectTool": false,
    "enchantPowerBonus": 0.0,
    "plantsGrowOn": false,
    "canRedstoneConnect": false,
    "lightOpacity": 0,
    "tickRate": 0,
    "tickRandomly": false,
    "isReplaceable": false,
    "canProvidePower": false,
    "emittedRedstonePower": {
      "fixedValue": 15.0
    },
    "colorOnMap": "DEFAULT",
    "noteBlockInstrument": "harp",
    "creativePickItem": {
      "value": ""
    },
    "offsetType": "NONE",
    "aiPathNodeType": "DEFAULT",
    "strippingResult": {
      "value": ""
    },
    "ignitedByLava": false,
    "flammability": 0,
    "fireSpreadSpeed": 0,
    "isLadder": false,
    "slipperiness": 0.6,
    "speedFactor": 1.0,
    "jumpFactor": 1.0,
    "reactionToPushing": "NORMAL",
    "isNotColidable": false,
    "isCustomSoundType": false,
    "soundOnStep": {
      "value": "CALCITE"
    },
    "breakSound": {
      "value": "CUSTOM:snail_hurt"
    },
    "fallSound": {
      "value": "block.stone.fall"
    },
    "hitSound": {
      "value": "CUSTOM:snail_hurt"
    },
    "placeSound": {
      "value": "CUSTOM:snail_hurt"
    },
    "stepSound": {
      "value": "block.stone.step"
    },
    "luminance": 0,
    "unbreakable": false,
    "vanillaToolTier": "NONE",
    "placingCondition": {
      "name": "SnailShellBlockValidPlacementCondition"
    },
    "isBonemealable": true,
    "isBonemealTargetCondition": {
      "name": "SnailShellCanBoneMealBeUsedOnThisBlock"
    },
    "onBonemealSuccess": {
      "name": "SnailShellOnBoneMealSuccess"
    },
    "sensitiveToVibration": false,
    "vibrationalEvents": [],
    "vibrationSensitivityRadius": {
      "fixedValue": 7.0
    },
    "hasInventory": true,
    "openGUIOnRightClick": false,
    "inventorySize": 3,
    "inventoryStackSize": 99,
    "inventoryDropWhenDestroyed": true,
    "inventoryComparatorPower": true,
    "inventoryOutSlotIDs": [],
    "inventoryInSlotIDs": [],
    "hasEnergyStorage": false,
    "energyInitial": 0,
    "energyCapacity": 400000,
    "energyMaxReceive": 200,
    "energyMaxExtract": 200,
    "isFluidTank": false,
    "fluidCapacity": 8000,
    "fluidRestrictions": [],
    "onBlockPlayedBy": {
      "name": "MossySnailShellBlockIsPlacedBy"
    },
    "generateFeature": false,
    "restrictionBiomes": [],
    "blocksToReplace": [
      {
        "value": "TAG:stone_ore_replaceables"
      }
    ],
    "generationShape": "UNIFORM",
    "frequencyPerChunks": 10,
    "frequencyOnChunk": 16,
    "minGenerateHeight": 0,
    "maxGenerateHeight": 64
  }
}