{
  "_fv": 79,
  "_type": "blockstates",
  "definition": {
    "block": "MossySnailShell3",
    "blockstateList": [
      {
        "texture": "yellow_large_snail_texture_block",
        "textureTop": "",
        "textureLeft": "",
        "textureFront": "",
        "textureRight": "",
        "textureBack": "",
        "particleTexture": "",
        "renderType": 2,
        "customModelName": "mossy_snail_shell_block8:default",
        "luminance": 0,
        "boundingBoxes": [
          {
            "mx": 2.6,
            "my": 0.0,
            "mz": 2.6,
            "Mx": 13.4,
            "My": 7.2,
            "Mz": 13.4,
            "subtract": false
          }
        ]
      }
    ]
  }
}