{
  "_fv": 79,
  "_type": "procedure",
  "definition": {
    "procedurexml": "<xml xmlns=\"https://developers.google.com/blockly/xml\"><block type=\"event_trigger\" deletable=\"false\" x=\"112\" y=\"119\"><field name=\"trigger\">no_ext_trigger</field><next><block type=\"controls_if\"><value name=\"IF0\"><block type=\"logic_binary_ops\" inline=\"false\"><field name=\"OP\">AND</field><value name=\"A\"><block type=\"logic_binary_ops\" inline=\"false\"><field name=\"OP\">OR</field><value name=\"A\"><block type=\"damagesource_isequalto\"><field name=\"damagetype\">MOB_ATTACK</field><value name=\"damagesource\"><block type=\"damagesource_from_deps\"></block></value></block></value><value name=\"B\"><block type=\"damagesource_isequalto\"><field name=\"damagetype\">PLAYER_ATTACK</field><value name=\"damagesource\"><block type=\"damagesource_from_deps\"></block></value></block></value></block></value><value name=\"B\"><block type=\"logic_negate\"><value name=\"BOOL\"><block type=\"logic_binary_ops\" inline=\"false\"><field name=\"OP\">OR</field><value name=\"A\"><block type=\"logic_binary_ops\" inline=\"false\"><field name=\"OP\">OR</field><value name=\"A\"><block type=\"damagesource_isequalto\"><field name=\"damagetype\">ARROW</field><value name=\"damagesource\"><block type=\"damagesource_from_deps\"></block></value></block></value><value name=\"B\"><block type=\"damagesource_isequalto\"><field name=\"damagetype\">TRIDENT</field><value name=\"damagesource\"><block type=\"damagesource_from_deps\"></block></value></block></value></block></value><value name=\"B\"><block type=\"logic_binary_ops\" inline=\"false\"><field name=\"OP\">OR</field><value name=\"A\"><block type=\"damagesource_isequalto\"><field name=\"damagetype\">MOB_PROJECTILE</field><value name=\"damagesource\"><block type=\"damagesource_from_deps\"></block></value></block></value><value name=\"B\"><block type=\"damagesource_isequalto\"><field name=\"damagetype\">THORNS</field><value name=\"damagesource\"><block type=\"damagesource_from_deps\"></block></value></block></value></block></value></block></value></block></value></block></value><statement name=\"DO0\"><block type=\"entity_add_potion\"><field name=\"potion\">POISON</field><value name=\"level\"><block type=\"math_number\"><field name=\"NUM\">1</field></block></value><value name=\"duration\"><block type=\"math_number\"><field name=\"NUM\">60</field></block></value><value name=\"entity\"><block type=\"source_entity_from_deps\"></block></value></block></statement></block></next></block></xml>",
    "skipDependencyNullCheck": false
  }
}