{
  "_fv": 79,
  "_type": "procedure",
  "definition": {
    "procedurexml": "<xml xmlns=\"https://developers.google.com/blockly/xml\"><block type=\"event_trigger\" deletable=\"false\" x=\"40\" y=\"40\"><field name=\"trigger\">no_ext_trigger</field><next><block type=\"controls_if\"><mutation elseif=\"2\" else=\"1\"></mutation><value name=\"IF0\"><block type=\"compare_mcitems\"><value name=\"a\"><block type=\"itemstack_to_mcitem\"></block></value><value name=\"b\"><block type=\"mcitem_all\"><field name=\"value\">CUSTOM:SlugTerrarium1</field></block></value></block></value><statement name=\"DO0\"><block type=\"new_tooltip_line\"><value name=\"tooltiptext\"><block type=\"text\"><field name=\"TEXT\">Slug: Red</field></block></value></block></statement><value name=\"IF1\"><block type=\"compare_mcitems\"><value name=\"a\"><block type=\"itemstack_to_mcitem\"></block></value><value name=\"b\"><block type=\"mcitem_all\"><field name=\"value\">CUSTOM:SlugTerrarium2</field></block></value></block></value><statement name=\"DO1\"><block type=\"new_tooltip_line\"><value name=\"tooltiptext\"><block type=\"text\"><field name=\"TEXT\">Slug: Black</field></block></value></block></statement><value name=\"IF2\"><block type=\"compare_mcitems\"><value name=\"a\"><block type=\"itemstack_to_mcitem\"></block></value><value name=\"b\"><block type=\"mcitem_all\"><field name=\"value\">CUSTOM:SlugTerrarium3</field></block></value></block></value><statement name=\"DO2\"><block type=\"new_tooltip_line\"><value name=\"tooltiptext\"><block type=\"text\"><field name=\"TEXT\">Slug: Green</field></block></value></block></statement><statement name=\"ELSE\"><block type=\"new_tooltip_line\"><value name=\"tooltiptext\"><block type=\"text\"><field name=\"TEXT\">Slug: Tan</field></block></value></block></statement></block></next></block></xml>",
    "skipDependencyNullCheck": false
  }
}