{
  "_fv": 79,
  "_type": "blockstates",
  "definition": {
    "block": "SlugTerrarium",
    "blockstateList": [
      {
        "texture": "terrarium_jar",
        "textureTop": "",
        "textureLeft": "",
        "textureFront": "",
        "textureRight": "",
        "textureBack": "",
        "particleTexture": "",
        "renderType": 2,
        "customModelName": "terrarium:default",
        "luminance": 0,
        "boundingBoxes": [
          {
            "mx": 1.0,
            "my": 0.0,
            "mz": 14.9,
            "Mx": 15.0,
            "My": 13.0,
            "Mz": 15.0,
            "subtract": false
          },
          {
            "mx": 1.0,
            "my": 0.0,
            "mz": 1.0,
            "Mx": 15.0,
            "My": 13.0,
            "Mz": 1.1,
            "subtract": false
          },
          {
            "mx": 1.0,
            "my": 12.9,
            "mz": 1.0,
            "Mx": 14.999,
            "My": 13.0,
            "Mz": 14.999,
            "subtract": false
          },
          {
            "mx": 1.0,
            "my": 0.0,
            "mz": 1.0,
            "Mx": 14.999,
            "My": 0.1,
            "Mz": 14.999,
            "subtract": false
          },
          {
            "mx": 14.9,
            "my": 0.0,
            "mz": 1.0,
            "Mx": 15.0,
            "My": 13.0,
            "Mz": 15.0,
            "subtract": false
          },
          {
            "mx": 1.0,
            "my": 0.0,
            "mz": 1.0,
            "Mx": 1.1,
            "My": 13.0,
            "Mz": 15.0,
            "subtract": false
          },
          {
            "mx": 2.0,
            "my": 13.0,
            "mz": 2.0,
            "Mx": 14.0,
            "My": 15.0,
            "Mz": 14.0,
            "subtract": false
          },
          {
            "mx": 2.5,
            "my": 13.0,
            "mz": 2.5,
            "Mx": 13.5,
            "My": 14.9,
            "Mz": 13.5,
            "subtract": false
          },
          {
            "mx": 1.0,
            "my": 14.6,
            "mz": 1.0,
            "Mx": 15.0,
            "My": 16.0,
            "Mz": 15.0,
            "subtract": false
          },
          {
            "mx": 1.1,
            "my": 0.1,
            "mz": 1.1,
            "Mx": 14.9,
            "My": 2.1,
            "Mz": 14.9,
            "subtract": false
          }
        ]
      }
    ]
  }
}