{
  "_fv": 79,
  "_type": "potion",
  "definition": {
    "potionName": "Potion of Sluggishness",
    "splashName": "Splash Potion of Sluggishness",
    "lingeringName": "Lingering Potion of Sluggishness",
    "arrowName": "Arrow of Sluggishness",
    "effects": [
      {
        "effect": {
          "value": "SLOWNESS"
        },
        "duration": 1200,
        "infinite": false,
        "amplifier": 1,
        "ambient": false,
        "showParticles": true
      },
      {
        "effect": {
          "value": "RESISTANCE"
        },
        "duration": 1200,
        "infinite": false,
        "amplifier": 1,
        "ambient": false,
        "showParticles": true
      }
    ]
  }
}