{
  "_fv": 79,
  "_type": "procedure",
  "definition": {
    "procedurexml": "<xml xmlns=\"https://developers.google.com/blockly/xml\"><block type=\"event_trigger\" deletable=\"false\" x=\"40\" y=\"40\"><field name=\"trigger\">no_ext_trigger</field><next><block type=\"return_logic\"><value name=\"return\"><block type=\"logic_boolean\"><field name=\"BOOL\">TRUE</field></block></value></block></next></block><block type=\"controls_if\" x=\"42\" y=\"178\"><statement name=\"DO0\"><block type=\"return_logic\"><value name=\"return\"><block type=\"logic_boolean\"><field name=\"BOOL\">FALSE</field></block></value></block></statement></block><block type=\"block_is_tagged_in\" x=\"73\" y=\"265\"><value name=\"a\"><block type=\"world_data_blockat\"><value name=\"x\"><block type=\"coord_x\"></block></value><value name=\"y\"><block type=\"coord_y\"></block></value><value name=\"z\"><block type=\"coord_z\"></block></value></block></value><value name=\"b\"><block type=\"text\"><field name=\"TEXT\">gastropod_galore:terrarium_filled</field></block></value></block><block type=\"logic_negate\" x=\"262\" y=\"309\"></block></xml>",
    "skipDependencyNullCheck": false
  }
}