{
  "_fv": 79,
  "_type": "recipe",
  "definition": {
    "recipeType": "Crafting",
    "recipeRetstackSize": 1,
    "group": "",
    "unlockingItems": [
      {
        "value": "Blocks.GLASS"
      }
    ],
    "cookingBookCategory": "MISC",
    "xpReward": 0.0,
    "cookingTime": 200,
    "craftingBookCategory": "MISC",
    "recipeShapeless": false,
    "recipeSlots": [
      {
        "value": "Blocks.WOODEN_SLAB"
      },
      {
        "value": "Blocks.WOODEN_SLAB"
      },
      {
        "value": "Blocks.WOODEN_SLAB"
      },
      {
        "value": "Blocks.GLASS"
      },
      {
        "value": "Blocks.GRASS"
      },
      {
        "value": "Blocks.GLASS"
      },
      {
        "value": "Blocks.GLASS"
      },
      {
        "value": "Blocks.GLASS"
      },
      {
        "value": "Blocks.GLASS"
      }
    ],
    "recipeReturnStack": {
      "value": "CUSTOM:Terrarium"
    },
    "name": "terrarium_recipe",
    "namespace": "mod"
  }
}