{
  "_fv": 79,
  "_type": "procedure",
  "definition": {
    "procedurexml": "<xml xmlns=\"https://developers.google.com/blockly/xml\"><variables><variable type=\"Entity\" id=\"player\">player</variable></variables><block type=\"event_trigger\" deletable=\"false\" x=\"40\" y=\"40\"><field name=\"trigger\">no_ext_trigger</field><next><block type=\"variables_set_entity\"><mutation xmlns=\"http://www.w3.org/1999/xhtml\" is_player_var=\"false\" has_entity=\"false\"></mutation><field name=\"VAR\">local:player</field><value name=\"VAL\"><block type=\"world_entity_inrange\" collapsed=\"true\"><field name=\"entity\">EntityPlayer</field><value name=\"x\"><block type=\"entity_pos_x\"><value name=\"entity\"><block type=\"entity_from_deps\"></block></value></block></value><value name=\"y\"><block type=\"entity_pos_y\"><value name=\"entity\"><block type=\"entity_from_deps\"></block></value></block></value><value name=\"z\"><block type=\"entity_pos_z\"><value name=\"entity\"><block type=\"entity_from_deps\"></block></value></block></value><value name=\"range\"><block type=\"math_number\"><field name=\"NUM\">16</field></block></value></block></value><next><block type=\"controls_if\"><value name=\"IF0\"><block type=\"logic_binary_ops\" inline=\"false\"><field name=\"OP\">OR</field><value name=\"A\"><block type=\"compare_mcitems\"><value name=\"a\"><block type=\"entity_iteminhand\"><value name=\"entity\"><block type=\"variables_get_entity\"><mutation xmlns=\"http://www.w3.org/1999/xhtml\" is_player_var=\"false\" has_entity=\"false\"></mutation><field name=\"VAR\">local:player</field></block></value></block></value><value name=\"b\"><block type=\"mcitem_all\"><field name=\"value\">Items.MAGMA_CREAM</field></block></value></block></value><value name=\"B\"><block type=\"compare_mcitems\"><value name=\"a\"><block type=\"entity_iteminoffhand\"><value name=\"entity\"><block type=\"variables_get_entity\"><mutation xmlns=\"http://www.w3.org/1999/xhtml\" is_player_var=\"false\" has_entity=\"false\"></mutation><field name=\"VAR\">local:player</field></block></value></block></value><value name=\"b\"><block type=\"mcitem_all\"><field name=\"value\">Items.MAGMA_CREAM</field></block></value></block></value></block></value><statement name=\"DO0\"><block type=\"return_logic\"><value name=\"return\"><block type=\"logic_boolean\"><field name=\"BOOL\">FALSE</field></block></value></block></statement><next><block type=\"return_logic\"><value name=\"return\"><block type=\"logic_boolean\"><field name=\"BOOL\">TRUE</field></block></value></block></next></block></next></block></next></block></xml>",
    "skipDependencyNullCheck": false
  }
}