{
  "type": "minecraft:jigsaw",
  "start_pool": "gastropod_galore:thermal_geode",
  "size": 1,
  "max_distance_from_center": 64,
  "spawn_overrides": {},
  "step": "underground_structures",
  "terrain_adaptation": "none",
  "start_height": {
    "type": "minecraft:uniform",
    "min_inclusive": {
      "absolute": -50
    },
    "max_inclusive": {
      "absolute": 35
    }
  },
  "biomes": [
    "deep_lukewarm_ocean",
    "desert",
    "dripstone_caves",
    "eroded_badlands",
    "grove",
    "jagged_peaks",
    "jungle",
    "lukewarm_ocean",
    "lush_caves",
    "mangrove_swamp",
    "meadow",
    "savanna",
    "savanna_plateau",
    "stony_peaks",
    "warm_ocean",
    "windswept_gravelly_hills",
    "windswept_hills",
    "windswept_savanna",
    "wooded_badlands"
  ],
  "use_expansion_hack": false
}