{
  "_fv": 79,
  "_type": "projectile",
  "definition": {
    "projectileItem": {
      "value": "Items.MAGMA_CREAM"
    },
    "showParticles": false,
    "actionSound": {
      "value": "CUSTOM:dynamite_throw"
    },
    "igniteFire": false,
    "disableGravity": false,
    "power": 1.5,
    "damage": 5.0,
    "knockback": 2,
    "entityModel": "Modellava_goop",
    "customModelTexture": "lava_goop.png",
    "modelWidth": 0.5,
    "modelHeight": 0.5,
    "onHitsBlock": {
      "name": "LavaGoopProjectileHits"
    },
    "onHitsEntity": {
      "name": "LavaGoopProjectileHitsLivingEntity"
    },
    "onFlyingTick": {
      "name": "LavaGoopWhileProjectileFlyingTick"
    }
  }
}