{
  "_fv": 79,
  "_type": "projectile",
  "definition": {
    "projectileItem": {
      "value": "Blocks.MAGMA"
    },
    "showParticles": false,
    "actionSound": {
      "value": "CUSTOM:dynamite_throw"
    },
    "igniteFire": false,
    "disableGravity": false,
    "power": 1.0,
    "damage": 2.5,
    "knockback": 1,
    "entityModel": "Modellava_goop",
    "customModelTexture": "magmaa.png",
    "modelWidth": 0.5,
    "modelHeight": 0.5,
    "onHitsBlock": {
      "name": "MagmaGoopProjectileHitsBlock"
    },
    "onHitsEntity": {
      "name": "MagmaGoopProjectileHitsLivingEntity"
    }
  }
}