{
  "_fv": 79,
  "_type": "procedure",
  "definition": {
    "procedurexml": "<xml xmlns=\"https://developers.google.com/blockly/xml\"><block type=\"event_trigger\" deletable=\"false\" x=\"40\" y=\"40\"><field name=\"trigger\">no_ext_trigger</field><next><block type=\"controls_repeat_ext\"><value name=\"TIMES\"><block type=\"math_random_number_between\"><value name=\"min\"><block type=\"math_number\"><field name=\"NUM\">2</field></block></value><value name=\"max\"><block type=\"math_number\"><field name=\"NUM\">5</field></block></value></block></value><statement name=\"DO\"><block type=\"world_spawn_falling_block\"><value name=\"block\"><block type=\"mcitem_allblocks\"><field name=\"value\">Blocks.MAGMA</field></block></value><value name=\"x\"><block type=\"math_dual_ops\" collapsed=\"true\"><field name=\"OP\">ADD</field><value name=\"A\"><block type=\"coord_x\"></block></value><value name=\"B\"><block type=\"math_random_number_between\"><value name=\"min\"><block type=\"math_number\"><field name=\"NUM\">-3</field></block></value><value name=\"max\"><block type=\"math_number\"><field name=\"NUM\">3</field></block></value></block></value></block></value><value name=\"y\"><block type=\"math_dual_ops\" collapsed=\"true\"><field name=\"OP\">ADD</field><value name=\"A\"><block type=\"coord_y\"></block></value><value name=\"B\"><block type=\"math_random_number_between\"><value name=\"min\"><block type=\"math_number\"><field name=\"NUM\">2</field></block></value><value name=\"max\"><block type=\"math_number\"><field name=\"NUM\">3</field></block></value></block></value></block></value><value name=\"z\"><block type=\"math_dual_ops\" collapsed=\"true\"><field name=\"OP\">ADD</field><value name=\"A\"><block type=\"coord_z\"></block></value><value name=\"B\"><block type=\"math_random_number_between\"><value name=\"min\"><block type=\"math_number\"><field name=\"NUM\">-3</field></block></value><value name=\"max\"><block type=\"math_number\"><field name=\"NUM\">3</field></block></value></block></value></block></value><next><block type=\"world_spawn_falling_block\"><value name=\"block\"><block type=\"mcitem_allblocks\"><field name=\"value\">Blocks.BLACKSTONE</field></block></value><value name=\"x\"><block type=\"math_dual_ops\" collapsed=\"true\"><field name=\"OP\">ADD</field><value name=\"A\"><block type=\"coord_x\"></block></value><value name=\"B\"><block type=\"math_random_number_between\"><value name=\"min\"><block type=\"math_number\"><field name=\"NUM\">-3</field></block></value><value name=\"max\"><block type=\"math_number\"><field name=\"NUM\">3</field></block></value></block></value></block></value><value name=\"y\"><block type=\"math_dual_ops\" collapsed=\"true\"><field name=\"OP\">ADD</field><value name=\"A\"><block type=\"coord_y\"></block></value><value name=\"B\"><block type=\"math_random_number_between\"><value name=\"min\"><block type=\"math_number\"><field name=\"NUM\">2</field></block></value><value name=\"max\"><block type=\"math_number\"><field name=\"NUM\">3</field></block></value></block></value></block></value><value name=\"z\"><block type=\"math_dual_ops\" collapsed=\"true\"><field name=\"OP\">ADD</field><value name=\"A\"><block type=\"coord_z\"></block></value><value name=\"B\"><block type=\"math_random_number_between\"><value name=\"min\"><block type=\"math_number\"><field name=\"NUM\">-3</field></block></value><value name=\"max\"><block type=\"math_number\"><field name=\"NUM\">3</field></block></value></block></value></block></value><next><block type=\"world_spawn_falling_block\"><value name=\"block\"><block type=\"mcitem_allblocks\"><field name=\"value\">Blocks.MAGMA</field></block></value><value name=\"x\"><block type=\"math_dual_ops\" collapsed=\"true\"><field name=\"OP\">ADD</field><value name=\"A\"><block type=\"coord_x\"></block></value><value name=\"B\"><block type=\"math_random_number_between\"><value name=\"min\"><block type=\"math_number\"><field name=\"NUM\">-3</field></block></value><value name=\"max\"><block type=\"math_number\"><field name=\"NUM\">3</field></block></value></block></value></block></value><value name=\"y\"><block type=\"math_dual_ops\" collapsed=\"true\"><field name=\"OP\">ADD</field><value name=\"A\"><block type=\"coord_y\"></block></value><value name=\"B\"><block type=\"math_random_number_between\"><value name=\"min\"><block type=\"math_number\"><field name=\"NUM\">2</field></block></value><value name=\"max\"><block type=\"math_number\"><field name=\"NUM\">3</field></block></value></block></value></block></value><value name=\"z\"><block type=\"math_dual_ops\" collapsed=\"true\"><field name=\"OP\">ADD</field><value name=\"A\"><block type=\"coord_z\"></block></value><value name=\"B\"><block type=\"math_random_number_between\"><value name=\"min\"><block type=\"math_number\"><field name=\"NUM\">-3</field></block></value><value name=\"max\"><block type=\"math_number\"><field name=\"NUM\">3</field></block></value></block></value></block></value></block></next></block></next></block></statement><next><block type=\"explode\"><field name=\"mode\">BLOCK</field><value name=\"x\"><block type=\"coord_x\"></block></value><value name=\"y\"><block type=\"coord_y\"></block></value><value name=\"z\"><block type=\"coord_z\"></block></value><value name=\"power\"><block type=\"math_number\"><field name=\"NUM\">2</field></block></value></block></next></block></next></block></xml>",
    "skipDependencyNullCheck": false
  }
}