{
  "_fv": 79,
  "_type": "recipe",
  "definition": {
    "recipeType": "Smelting",
    "recipeRetstackSize": 1,
    "group": "",
    "unlockingItems": [
      {
        "value": "Items.CARROT"
      }
    ],
    "cookingBookCategory": "FOOD",
    "xpReward": 0.35,
    "cookingTime": 200,
    "craftingBookCategory": "MISC",
    "recipeShapeless": false,
    "smeltingInputStack": {
      "value": "Items.CARROT"
    },
    "smeltingReturnStack": {
      "value": "CUSTOM:RoastedCarrot"
    },
    "name": "roasting_carrots",
    "namespace": "mod"
  }
}