{
  "_fv": 79,
  "_type": "procedure",
  "definition": {
    "procedurexml": "<xml xmlns=\"https://developers.google.com/blockly/xml\"><block type=\"event_trigger\" deletable=\"false\" x=\"40\" y=\"40\"><field name=\"trigger\">entity_dies</field><next><block type=\"controls_if\"><value name=\"IF0\"><block type=\"logic_binary_ops\" inline=\"false\"><field name=\"OP\">AND</field><value name=\"A\"><block type=\"logic_entity_compare\"><field name=\"entity\">EntityFrog</field><value name=\"compareTo\"><block type=\"source_entity_from_deps\"></block></value></block></value><value name=\"B\"><block type=\"entity_is_tagged_in\"><value name=\"entity\"><block type=\"entity_from_deps\"></block></value><value name=\"tag\"><block type=\"text\"><field name=\"TEXT\">gastropod_galore:frog_food_snails</field></block></value></block></value></block></value><statement name=\"DO0\"><block type=\"spawn_gem\" inline=\"false\"><field name=\"despawn\">TRUE</field><value name=\"block\"><block type=\"mcitem_all\"><field name=\"value\">Items.SLIME_BALL</field></block></value><value name=\"x\"><block type=\"entity_pos_x\"><value name=\"entity\"><block type=\"source_entity_from_deps\"></block></value></block></value><value name=\"y\"><block type=\"entity_pos_y\"><value name=\"entity\"><block type=\"source_entity_from_deps\"></block></value></block></value><value name=\"z\"><block type=\"entity_pos_z\"><value name=\"entity\"><block type=\"source_entity_from_deps\"></block></value></block></value><value name=\"pickUpDelay\"><block type=\"math_number\"><field name=\"NUM\">5</field></block></value></block></statement></block></next></block></xml>",
    "skipDependencyNullCheck": false
  }
}