{
  "snail_hurt": {
    "subtitle": "subtitles.snail_hurt",
    "sounds": [
      {
        "name": "gastropod_galore:footsteps",
        "stream": false
      }
    ]
  },
  "snail_dies": {
    "subtitle": "subtitles.snail_dies",
    "sounds": [
      {
        "name": "gastropod_galore:footsteps2",
        "stream": false
      }
    ]
  },
  "dynamite_throw": {
    "subtitle": "subtitles.dynamite_throw",
    "sounds": [
      {
        "name": "gastropod_galore:dynamite_throw",
        "stream": false
      }
    ]
  },
  "slug_hurt": {
    "subtitle": "subtitles.slug_hurt",
    "sounds": [
      {
        "name": "gastropod_galore:footsteps",
        "stream": false
      }
    ]
  },
  "slug_dies": {
    "subtitle": "subtitles.slug_dies",
    "sounds": [
      {
        "name": "gastropod_galore:footsteps2",
        "stream": false
      }
    ]
  },
  "volcanic_snail_hurt": {
    "subtitle": "subtitles.volcanic_snail_hurt",
    "sounds": [
      {
        "name": "gastropod_galore:volcanic_snail_hurt",
        "stream": false
      }
    ]
  },
  "volcanic_snail_dies": {
    "subtitle": "subtitles.volcanic_snail_dies",
    "sounds": [
      {
        "name": "gastropod_galore:volcanic_snail_death",
        "stream": false
      }
    ]
  },
  "volcanic_snail_rumble": {
    "subtitle": "subtitles.volcanic_snail_rumble",
    "sounds": [
      {
        "name": "gastropod_galore:volcanic_snail_rumble",
        "stream": false
      }
    ]
  },
  "magma_snail_hurt": {
    "subtitle": "subtitles.magma_snail_hurt",
    "sounds": [
      {
        "name": "gastropod_galore:volcanic_snail_hurt",
        "stream": false
      }
    ]
  },
  "magma_snail_dies": {
    "subtitle": "subtitles.magma_snail_dies",
    "sounds": [
      {
        "name": "gastropod_galore:volcanic_snail_death",
        "stream": false
      }
    ]
  },
  "magma_snail_rumbles": {
    "subtitle": "subtitles.magma_snail_rumbles",
    "sounds": [
      {
        "name": "gastropod_galore:volcanic_snail_rumble",
        "stream": false
      }
    ]
  },
  "volcanic_snail_rumbles": {
    "subtitle": "subtitles.volcanic_snail_rumbles",
    "sounds": [
      {
        "name": "gastropod_galore:volcanic_snail_rumble",
        "stream": false
      }
    ]
  },
  "haunt_hurts": {
    "subtitle": "subtitles.haunt_hurts",
    "sounds": [
      {
        "name": "gastropod_galore:ghost_snail_hurt",
        "stream": false
      }
    ]
  },
  "haunt_dies": {
    "subtitle": "subtitles.haunt_dies",
    "sounds": [
      {
        "name": "gastropod_galore:ghost_snail_death",
        "stream": false
      }
    ]
  }
}