{
  "display": {
    "icon": {
      "id": "minecraft:magma_cream"
    },
    "title": {
      "translate": "advancements.attacked_by_magma_snail.title"
    },
    "description": {
      "translate": "advancements.attacked_by_magma_snail.descr"
    },
    "frame": "task",
    "show_toast": true,
    "announce_to_chat": true,
    "hidden": false
  },
  "criteria": {
    "attacked_by_magma_snail_0": {
      "trigger": "minecraft:entity_hurt_player",
      "conditions": {
        "damage": {
          "taken": {
            "min": 0,
            "max": 20
          },
          "source_entity": {
            "type": "gastropod_galore:magma_snail"
          },
          "blocked": false
        }
      }
    }
  },
  "parent": "minecraft:husbandry/root"
}