{
  "display": {
    "icon": {
      "id": "gastropod_galore:snail_shell"
    },
    "title": {
      "translate": "advancements.shell_of_immortality.title"
    },
    "description": {
      "translate": "advancements.shell_of_immortality.descr"
    },
    "frame": "goal",
    "show_toast": true,
    "announce_to_chat": true,
    "hidden": false
  },
  "criteria": {
    "shell_of_immortality_0": {
      "trigger": "minecraft:impossible"
    }
  },
  "rewards": {
    "experience": 10
  },
  "parent": "minecraft:husbandry/root"
}