{
  "display": {
    "icon": {
      "id": "gastropod_galore:volcanic_snail_shell"
    },
    "title": {
      "translate": "advancements.volcanic_snail_shell_advancement.title"
    },
    "description": {
      "translate": "advancements.volcanic_snail_shell_advancement.descr"
    },
    "frame": "task",
    "show_toast": true,
    "announce_to_chat": true,
    "hidden": false
  },
  "criteria": {
    "volcanic_snail_shell_advancement_0": {
      "trigger": "minecraft:inventory_changed",
      "conditions": {
        "items": [
          {
            "items": [
              "gastropod_galore:volcanic_snail_shell"
            ],
            "count": {
              "min": 1,
              "max": 1
            }
          }
        ]
      }
    }
  },
  "parent": "gastropod_galore:attacked_by_volcanic_snail"
}