{
  "format_version": "1.21.6",
  "credit": "Made with Blockbench",
  "texture_size": [
    32,
    32
  ],
  "elements": [
    {
      "from": [
        5,
        0,
        5
      ],
      "to": [
        11,
        9,
        11
      ],
      "rotation": {
        "angle": 0,
        "axis": "y",
        "origin": [
          7,
          0,
          7
        ]
      },
      "faces": {
        "north": {
          "uv": [
            0,
            0,
            3,
            4.5
          ],
          "texture": "#1"
        },
        "east": {
          "uv": [
            3,
            0,
            6,
            4.5
          ],
          "texture": "#1"
        },
        "south": {
          "uv": [
            0,
            4.5,
            3,
            9
          ],
          "texture": "#1"
        },
        "west": {
          "uv": [
            3,
            4.5,
            6,
            9
          ],
          "texture": "#1"
        },
        "up": {
          "uv": [
            9,
            3,
            6,
            0
          ],
          "texture": "#1"
        },
        "down": {
          "uv": [
            9,
            3,
            6,
            6
          ],
          "texture": "#1"
        }
      }
    },
    {
      "from": [
        8,
        9,
        6.5
      ],
      "to": [
        8,
        15,
        12.5
      ],
      "rotation": {
        "angle": 0,
        "axis": "y",
        "origin": [
          7,
          9,
          6.5
        ]
      },
      "faces": {
        "north": {
          "uv": [
            0,
            0,
            0,
            3
          ],
          "texture": "#1"
        },
        "east": {
          "uv": [
            3,
            9.5,
            0,
            12.5
          ],
          "texture": "#1"
        },
        "south": {
          "uv": [
            0,
            0,
            0,
            3
          ],
          "texture": "#1"
        },
        "west": {
          "uv": [
            0,
            9.5,
            3,
            12.5
          ],
          "texture": "#1"
        },
        "up": {
          "uv": [
            0,
            3,
            0,
            0
          ],
          "texture": "#1"
        },
        "down": {
          "uv": [
            0,
            0,
            0,
            3
          ],
          "texture": "#1"
        }
      }
    }
  ],
  "display": {
    "thirdperson_righthand": {
      "scale": [
        0.5,
        0.5,
        0.5
      ]
    },
    "thirdperson_lefthand": {
      "scale": [
        0.5,
        0.5,
        0.5
      ]
    },
    "firstperson_righthand": {
      "translation": [
        0,
        2.25,
        0
      ],
      "scale": [
        0.75,
        0.75,
        0.75
      ]
    },
    "firstperson_lefthand": {
      "translation": [
        0,
        2.25,
        0
      ],
      "scale": [
        0.75,
        0.75,
        0.75
      ]
    },
    "ground": {
      "translation": [
        0,
        3.5,
        0
      ],
      "scale": [
        0.75,
        0.75,
        0.75
      ]
    },
    "gui": {
      "rotation": [
        -162,
        37.25,
        -180
      ],
      "translation": [
        0,
        1.75,
        0
      ],
      "scale": [
        0.75,
        1,
        1
      ]
    },
    "head": {
      "translation": [
        0,
        -11.25,
        -1.5
      ]
    }
  }
}