{
  "format_version": "1.21.6",
  "credit": "Made with Blockbench",
  "parent": "snail_egg_cluster",
  "texture_size": [
    32,
    32
  ],
  "elements": [
    {
      "from": [
        0,
        0,
        0
      ],
      "to": [
        16,
        0,
        16
      ],
      "faces": {
        "north": {
          "uv": [
            0,
            0,
            16,
            0
          ],
          "texture": "#0"
        },
        "east": {
          "uv": [
            0,
            0,
            16,
            0
          ],
          "texture": "#0"
        },
        "south": {
          "uv": [
            0,
            0,
            16,
            0
          ],
          "texture": "#0"
        },
        "west": {
          "uv": [
            0,
            0,
            16,
            0
          ],
          "texture": "#0"
        },
        "up": {
          "uv": [
            16,
            16,
            0,
            0
          ],
          "texture": "#0"
        },
        "down": {
          "uv": [
            16,
            0,
            0,
            16
          ],
          "texture": "#0"
        }
      }
    }
  ],
  "display": {}
}